distanceFromStartLine,trackPosition,speedLimit
1.0071,-0.0188,230
2.1427,-0.0159,230
3.2802,-0.0127,230
4.4198,-0.0094,230
5.5612,-0.0059,230
6.7046,-0.0024,230
7.85,0.0012,230
8.9966,0.0048,230
10.1426,0.0084,230
11.2879,0.012,230
12.4326,0.0156,230
13.5765,0.0192,230
14.7198,0.0228,230
15.8625,0.0264,230
17.0052,0.03,230
18.1491,0.0336,230
19.2945,0.0371,230
20.4412,0.0399,230
21.5892,0.0419,230
22.7384,0.0431,230
23.8889,0.0439,230
25.0409,0.0441,230
26.1941,0.0437,230
27.3487,0.0429,230
28.5047,0.0417,230
29.662,0.0402,230
30.8207,0.0385,230
31.9807,0.0366,230
33.1421,0.0347,230
34.3048,0.0326,230
35.4689,0.0306,230
36.6344,0.0285,230
37.8013,0.0264,230
38.9695,0.0243,230
40.1391,0.0222,230
41.3101,0.02,230
42.4824,0.0179,230
43.656,0.0157,230
44.8311,0.0136,230
46.0075,0.0115,230
47.1853,0.0093,230
48.3644,0.0072,230
49.5449,0.0051,230
50.7268,0.0029,230
51.91,0.0008,230
53.0946,-0.0013,230
54.2805,-0.0035,230
55.4678,-0.0056,230
56.6565,-0.0078,230
57.8465,-0.0099,230
59.0379,-0.012,230
60.2306,-0.0142,230
61.4247,-0.0163,230
62.6202,-0.0184,230
63.817,-0.0206,230
65.0151,-0.0227,230
66.2146,-0.0248,230
67.4154,-0.027,230
68.6176,-0.0291,230
69.8212,-0.0313,230
71.0261,-0.0334,230
72.2324,-0.0355,230
73.44,-0.0377,230
74.6489,-0.0399,230
75.8592,-0.0421,230
77.0709,-0.0443,230
78.2838,-0.0465,230
79.4982,-0.0487,230
80.7138,-0.0509,230
81.9308,-0.0531,230
83.1492,-0.0553,230
84.3689,-0.0575,230
85.59,-0.0597,230
86.8123,-0.0619,230
88.0361,-0.0641,230
89.2611,-0.0663,230
90.4875,-0.0685,230
91.7152,-0.0707,230
92.9443,-0.0729,230
94.1747,-0.0751,230
95.4064,-0.0773,230
96.6394,-0.0795,230
97.8738,-0.0817,230
99.1095,-0.0839,230
100.347,-0.0861,230
101.585,-0.0883,230
102.824,-0.0905,230
104.065,-0.0927,230
105.308,-0.095,230
106.551,-0.0972,230
107.796,-0.0995,230
109.043,-0.1017,230
110.29,-0.104,230
111.539,-0.1063,230
112.789,-0.1085,230
114.041,-0.1108,230
115.294,-0.113,230
116.548,-0.1151,230
117.803,-0.1165,230
119.06,-0.1175,230
120.318,-0.1181,230
121.576,-0.1187,230
122.835,-0.1193,230
124.096,-0.1201,230
125.358,-0.121,230
126.621,-0.1221,230
127.886,-0.1235,230
129.152,-0.1252,230
130.419,-0.1273,230
131.687,-0.1297,230
132.957,-0.1325,230
134.228,-0.1357,230
135.5,-0.1392,230
136.774,-0.1432,230
138.049,-0.1475,230
139.325,-0.1523,230
140.602,-0.1574,230
141.881,-0.163,230
143.161,-0.1689,230
144.442,-0.1753,230
145.724,-0.1821,230
147.007,-0.1892,230
148.291,-0.1967,230
149.574,-0.2044,230
150.857,-0.2119,230
152.14,-0.2188,230
153.422,-0.2251,230
154.705,-0.2312,230
155.988,-0.237,230
157.271,-0.2424,230
158.554,-0.2475,230
159.838,-0.2525,230
161.123,-0.2575,230
162.408,-0.2626,230
163.696,-0.2678,230
164.984,-0.2733,230
166.274,-0.2791,230
167.564,-0.2852,230
168.857,-0.2915,230
170.15,-0.298,230
171.445,-0.3047,230
172.74,-0.3117,230
174.038,-0.319,230
175.336,-0.3266,230
176.635,-0.3345,230
177.936,-0.3427,230
179.238,-0.3514,230
180.541,-0.3603,230
181.845,-0.3697,230
183.15,-0.3795,230
184.457,-0.3896,230
185.766,-0.4002,230
187.082,-0.4106,230
188.4,-0.4206,230
189.719,-0.4302,230
191.039,-0.4395,230
192.359,-0.4484,230
193.679,-0.4569,230
194.999,-0.465,230
196.32,-0.4728,230
197.639,-0.4801,230
198.955,-0.487,90
200.265,-0.4936,90
201.567,-0.4996,90
202.861,-0.5053,90
204.144,-0.5105,90
205.413,-0.5153,90
206.67,-0.5196,90
207.911,-0.5235,90
209.135,-0.527,90
210.343,-0.5301,90
211.533,-0.5327,90
212.706,-0.535,90
213.864,-0.5369,90
215.005,-0.5384,90
216.133,-0.5396,90
217.246,-0.5405,90
218.346,-0.541,90
219.433,-0.5412,90
220.507,-0.5411,90
221.567,-0.5407,90
222.614,-0.54,90
223.647,-0.539,90
224.667,-0.5377,90
225.673,-0.5362,90
226.667,-0.5345,90
227.648,-0.5325,90
228.617,-0.5303,90
229.575,-0.5278,90
230.521,-0.5251,90
231.455,-0.5222,90
232.378,-0.5191,90
233.289,-0.5159,90
234.189,-0.5124,90
235.076,-0.5088,90
235.952,-0.5049,90
236.816,-0.5008,90
237.669,-0.4964,90
238.51,-0.4916,90
239.341,-0.4863,90
240.161,-0.4805,90
240.971,-0.4745,90
241.77,-0.4682,90
242.559,-0.4616,90
243.338,-0.4548,90
244.106,-0.4478,90
244.863,-0.4405,90
245.61,-0.433,90
246.347,-0.4254,90
247.072,-0.4177,90
247.787,-0.4098,90
248.491,-0.4018,90
249.185,-0.3934,90
249.868,-0.3848,90
250.542,-0.3758,90
251.205,-0.3664,90
251.858,-0.3565,90
252.501,-0.3461,90
253.135,-0.3352,90
253.758,-0.3238,90
254.372,-0.3118,90
254.976,-0.299,90
255.571,-0.2857,90
256.156,-0.2716,90
256.732,-0.257,90
257.299,-0.2421,90
257.857,-0.2267,90
258.406,-0.211,90
258.945,-0.1947,90
259.473,-0.1779,90
259.984,-0.1609,90
260.483,-0.1447,90
260.972,-0.1293,90
261.451,-0.1147,90
261.92,-0.1005,90
262.379,-0.0866,90
262.827,-0.0726,90
263.267,-0.058,90
263.697,-0.0433,90
264.117,-0.0287,90
264.529,-0.0145,90
264.932,-0.0004,90
265.33,0.0145,90
265.725,0.0309,90
266.118,0.0484,90
266.509,0.0671,90
266.898,0.0865,90
267.289,0.1058,90
267.68,0.125,90
268.072,0.1441,90
268.467,0.163,90
268.864,0.1816,90
269.264,0.1998,90
269.667,0.2175,90
270.073,0.2347,90
270.482,0.2514,90
270.893,0.2676,90
271.307,0.2832,90
271.724,0.2982,90
272.144,0.3127,90
272.566,0.3265,90
272.991,0.3398,90
273.418,0.3524,90
273.848,0.3644,90
274.28,0.3757,90
274.715,0.3864,90
275.151,0.3965,90
275.59,0.406,90
276.031,0.4153,90
276.474,0.4244,90
276.918,0.4336,90
277.363,0.4429,90
277.81,0.4525,90
278.258,0.4625,90
278.706,0.4728,90
279.158,0.4822,90
279.61,0.4907,90
280.059,0.4985,90
280.505,0.5055,90
280.952,0.5119,90
281.399,0.518,90
281.847,0.5241,90
282.296,0.5302,90
282.745,0.5365,90
283.196,0.5431,90
283.648,0.5501,90
284.102,0.5572,90
284.557,0.5635,90
285.014,0.5691,90
285.473,0.5739,90
285.931,0.578,90
286.386,0.5814,90
286.838,0.584,90
287.29,0.5859,90
287.742,0.5871,90
288.194,0.588,90
288.647,0.5888,90
289.101,0.5895,90
289.556,0.5902,90
290.011,0.5912,90
290.468,0.5925,90
290.925,0.5941,90
291.383,0.5962,90
291.841,0.5989,90
292.3,0.6021,90
292.76,0.6059,90
293.219,0.6105,90
293.679,0.6157,90
294.139,0.6216,90
294.6,0.6277,90
295.063,0.6332,90
295.527,0.6382,90
295.986,0.6428,90
296.443,0.6468,90
296.899,0.6503,90
297.356,0.6534,90
297.813,0.6561,90
298.271,0.6587,90
298.73,0.6612,90
299.191,0.6636,90
299.652,0.6663,90
300.115,0.6692,90
300.578,0.6724,90
301.042,0.676,90
301.507,0.6799,90
301.973,0.6834,90
302.441,0.6861,90
302.911,0.6881,90
303.38,0.6893,90
303.846,0.6899,90
304.308,0.6899,90
304.769,0.6895,90
305.231,0.6889,90
305.692,0.6881,90
306.154,0.6872,90
306.617,0.6863,90
307.082,0.6855,90
307.547,0.685,90
308.013,0.6849,90
308.479,0.6852,90
308.946,0.6858,90
309.413,0.6869,90
309.882,0.688,90
310.352,0.6891,90
310.823,0.6896,90
311.295,0.6896,90
311.762,0.6893,90
312.224,0.6886,90
312.681,0.6878,90
313.138,0.687,90
313.594,0.686,90
314.05,0.6851,90
314.508,0.6843,90
314.966,0.6837,90
315.426,0.6835,90
315.886,0.6837,90
316.346,0.6843,90
316.807,0.685,90
317.27,0.6855,90
317.735,0.6857,90
318.201,0.6854,90
318.669,0.6849,90
319.139,0.6842,90
319.61,0.6834,90
320.082,0.6827,90
320.553,0.6818,90
321.021,0.681,90
321.487,0.6799,90
321.952,0.6785,90
322.416,0.6774,90
322.88,0.6766,90
323.346,0.6764,90
323.812,0.6766,90
324.277,0.6771,90
324.743,0.6777,90
325.21,0.6782,90
325.677,0.6785,90
326.144,0.6788,90
326.612,0.679,90
327.08,0.6792,90
327.548,0.6796,90
328.018,0.68,90
328.488,0.6801,90
328.958,0.68,90
329.431,0.6796,90
329.905,0.6794,90
330.38,0.6797,90
330.852,0.6804,90
331.32,0.6814,90
331.788,0.683,90
332.255,0.685,90
332.723,0.6873,90
333.191,0.69,90
333.662,0.6927,90
334.135,0.6947,90
334.61,0.6965,90
335.087,0.698,90
335.566,0.6995,90
336.045,0.7009,90
336.521,0.7022,90
336.991,0.7033,90
337.458,0.7045,90
337.924,0.7061,90
338.39,0.708,90
338.857,0.7103,90
339.325,0.7128,90
339.796,0.7146,90
340.27,0.7154,90
340.747,0.7154,90
341.228,0.7145,90
341.711,0.7127,90
342.196,0.71,90
342.683,0.7063,90
343.171,0.7017,90
343.66,0.6965,90
344.151,0.6908,90
344.642,0.6847,90
345.135,0.6784,90
345.629,0.672,90
346.124,0.6656,90
346.62,0.6593,90
347.116,0.6531,90
347.614,0.6472,90
348.113,0.6416,90
348.612,0.6363,90
349.113,0.6314,90
349.614,0.6269,90
350.115,0.623,90
350.617,0.6195,90
351.12,0.6166,90
351.622,0.6142,90
352.125,0.6123,90
352.629,0.611,90
353.132,0.6103,90
353.635,0.6102,90
354.138,0.6108,90
354.643,0.6116,90
355.15,0.612,90
355.659,0.6123,90
356.169,0.6127,90
356.682,0.6132,90
357.196,0.6137,90
357.712,0.6141,90
358.23,0.6143,90
358.749,0.6144,90
359.271,0.6143,90
359.794,0.614,90
360.319,0.6136,90
360.845,0.6131,90
361.373,0.6128,90
361.902,0.6125,90
362.432,0.6125,90
362.964,0.6127,90
363.497,0.6132,90
364.031,0.614,90
364.565,0.6151,90
365.102,0.6162,90
365.64,0.6164,90
366.179,0.6159,90
366.714,0.6149,90
367.244,0.6132,90
367.769,0.6107,90
368.294,0.6075,90
368.82,0.6033,90
369.345,0.5981,90
369.872,0.5919,90
370.399,0.5845,90
370.927,0.576,90
371.456,0.5662,90
371.985,0.5552,90
372.512,0.5431,90
373.033,0.5298,90
373.548,0.5156,90
374.056,0.5004,90
374.562,0.484,90
375.066,0.4665,90
375.569,0.4481,90
376.07,0.4289,90
376.572,0.409,90
377.073,0.3888,90
377.574,0.3682,90
378.075,0.3474,90
378.576,0.3265,90
379.075,0.3057,90
379.569,0.2853,90
380.057,0.2652,90
380.539,0.2457,90
381.02,0.2269,90
381.499,0.2088,90
381.978,0.1915,90
382.456,0.1748,90
382.935,0.1584,90
383.414,0.1415,90
383.894,0.1245,90
384.374,0.1074,90
384.855,0.0902,90
385.336,0.0729,90
385.817,0.0555,90
386.3,0.038,90
386.782,0.0204,90
387.265,0.0026,90
387.748,-0.0151,90
388.231,-0.0328,90
388.714,-0.0503,90
389.199,-0.0676,90
389.683,-0.0846,90
390.167,-0.1024,90
390.655,-0.121,90
391.15,-0.1393,90
391.648,-0.1572,90
392.148,-0.1748,90
392.65,-0.192,90
393.155,-0.2086,90
393.663,-0.2241,90
394.173,-0.2386,90
394.686,-0.2523,90
395.201,-0.2658,90
395.719,-0.2792,90
396.238,-0.2922,90
396.76,-0.3049,90
397.283,-0.3175,90
397.809,-0.3299,90
398.336,-0.3421,90
398.866,-0.3541,140
399.397,-0.3659,140
399.931,-0.3776,140
400.467,-0.3891,140
401.007,-0.4005,140
401.55,-0.4117,140
402.097,-0.4228,140
402.649,-0.4337,140
403.206,-0.4445,140
403.766,-0.4551,140
404.327,-0.4655,140
404.891,-0.4757,140
405.457,-0.4856,140
406.024,-0.4953,140
406.593,-0.5048,140
407.164,-0.5141,140
407.737,-0.5232,140
408.311,-0.532,140
408.888,-0.5404,140
409.466,-0.5481,140
410.046,-0.555,140
410.628,-0.5611,140
411.211,-0.567,140
411.796,-0.5725,140
412.383,-0.5778,140
412.972,-0.5828,140
413.562,-0.5875,140
414.153,-0.5919,140
414.746,-0.596,140
415.342,-0.5998,140
415.941,-0.6033,140
416.542,-0.6065,140
417.148,-0.6095,140
417.758,-0.6121,140
418.373,-0.6144,140
418.991,-0.6164,140
419.614,-0.618,140
420.241,-0.6194,140
420.871,-0.6203,140
421.502,-0.6209,140
422.135,-0.6212,140
422.769,-0.621,140
423.405,-0.6205,140
424.042,-0.6196,140
424.68,-0.6183,140
425.319,-0.6167,140
425.959,-0.6147,140
426.601,-0.6122,140
427.244,-0.6095,140
427.888,-0.6063,140
428.533,-0.6027,140
429.179,-0.5987,140
429.827,-0.5943,140
430.475,-0.5894,140
431.125,-0.5842,140
431.775,-0.5787,140
432.427,-0.5733,140
433.08,-0.5681,140
433.736,-0.5634,140
434.395,-0.559,140
435.057,-0.5542,140
435.722,-0.5493,140
436.386,-0.5442,140
437.05,-0.5388,140
437.712,-0.5332,140
438.374,-0.5272,140
439.035,-0.5208,140
439.695,-0.514,140
440.355,-0.5069,140
441.018,-0.4992,140
441.683,-0.4912,140
442.35,-0.4831,140
443.019,-0.4752,140
443.69,-0.4672,140
444.363,-0.4588,140
445.039,-0.45,140
445.716,-0.4407,140
446.396,-0.431,140
447.077,-0.4208,140
447.761,-0.4102,140
448.446,-0.3995,140
449.131,-0.3889,140
449.817,-0.3786,140
450.502,-0.3689,140
451.189,-0.3598,140
451.875,-0.3514,140
452.562,-0.3439,140
453.249,-0.3372,140
453.936,-0.3314,140
454.626,-0.3258,140
455.317,-0.3204,140
456.011,-0.3152,140
456.707,-0.3102,140
457.406,-0.3054,140
458.107,-0.3006,140
458.81,-0.2957,140
459.516,-0.291,140
460.224,-0.2865,140
460.934,-0.2821,140
461.647,-0.278,140
462.362,-0.2742,140
463.079,-0.2708,140
463.797,-0.2679,140
464.517,-0.2654,140
465.24,-0.2634,140
465.965,-0.2619,140
466.691,-0.261,140
467.418,-0.2607,140
468.147,-0.2608,140
468.879,-0.2613,140
469.612,-0.2625,140
470.345,-0.2643,140
471.08,-0.2665,140
471.817,-0.2689,140
472.558,-0.2715,140
473.301,-0.2745,140
474.046,-0.2778,140
474.793,-0.2813,140
475.546,-0.2849,140
476.312,-0.2882,140
477.081,-0.2909,140
477.852,-0.2931,140
478.625,-0.2946,140
479.4,-0.2958,140
480.177,-0.2967,140
480.955,-0.2974,140
481.735,-0.298,140
482.516,-0.2984,140
483.296,-0.2987,140
484.075,-0.2988,140
484.853,-0.2987,140
485.63,-0.2984,140
486.406,-0.2978,140
487.18,-0.297,140
487.953,-0.2961,140
488.724,-0.2949,140
489.493,-0.2935,140
490.261,-0.2919,140
491.027,-0.2902,140
491.79,-0.2883,140
492.552,-0.2863,140
493.311,-0.2841,140
494.068,-0.2818,140
494.823,-0.2793,140
495.577,-0.2768,140
496.33,-0.2741,100
497.082,-0.2711,100
497.837,-0.2679,100
498.592,-0.2645,100
499.349,-0.2609,100
500.107,-0.2571,100
500.865,-0.2531,100
501.625,-0.249,100
502.385,-0.2447,100
503.145,-0.2402,100
503.906,-0.2355,100
504.666,-0.2306,100
505.425,-0.2253,100
506.184,-0.2197,100
506.942,-0.2137,100
507.699,-0.2073,100
508.456,-0.2004,100
509.212,-0.1928,100
509.966,-0.1845,100
510.715,-0.1752,100
511.457,-0.1648,100
512.193,-0.1529,100
512.926,-0.1398,100
513.657,-0.1255,100
514.385,-0.1102,100
515.112,-0.0938,100
515.836,-0.0767,100
516.559,-0.0588,100
517.279,-0.0404,100
517.993,-0.0216,100
518.699,-0.0023,100
519.397,0.0174,100
520.083,0.0375,100
520.758,0.0582,100
521.42,0.0795,100
522.069,0.1014,100
522.709,0.1237,100
523.35,0.1446,100
523.99,0.1637,100
524.63,0.181,100
525.271,0.1966,100
525.911,0.2105,100
526.549,0.2226,100
527.182,0.2331,100
527.81,0.2423,100
528.429,0.2503,100
529.04,0.2573,100
529.643,0.2633,100
530.242,0.2678,100
530.839,0.2705,100
531.434,0.2714,100
532.028,0.2704,100
532.621,0.2677,100
533.212,0.2632,100
533.802,0.2569,100
534.39,0.2488,100
534.976,0.2389,100
535.56,0.2273,100
536.142,0.214,100
536.722,0.199,100
537.3,0.1822,100
537.877,0.1638,100
538.453,0.1438,100
539.026,0.1221,100
539.598,0.0988,100
540.168,0.074,100
540.737,0.0477,100
541.304,0.0201,100
541.87,-0.0087,100
542.436,-0.0384,100
543.001,-0.0686,100
543.568,-0.0987,100
544.136,-0.1283,100
544.706,-0.1572,100
545.279,-0.1849,100
545.853,-0.2113,100
546.43,-0.2364,100
547.008,-0.2612,100
547.589,-0.2855,100
548.193,-0.3084,100
548.802,-0.3295,100
549.415,-0.3489,100
550.032,-0.3666,100
550.652,-0.3827,100
551.276,-0.3973,100
551.902,-0.4103,100
552.53,-0.4219,100
553.161,-0.4321,100
553.794,-0.4408,100
554.429,-0.4481,100
555.066,-0.454,100
555.703,-0.4589,100
556.341,-0.463,100
556.981,-0.4666,100
557.621,-0.4698,100
558.262,-0.4727,100
558.903,-0.4754,100
559.544,-0.4781,100
560.185,-0.4808,100
560.827,-0.4828,100
561.47,-0.4838,100
562.114,-0.4841,100
562.759,-0.4836,100
563.402,-0.4822,100
564.041,-0.48,100
564.677,-0.4767,100
565.311,-0.4724,100
565.946,-0.467,100
566.579,-0.4609,100
567.211,-0.4543,100
567.844,-0.4473,100
568.477,-0.4401,100
569.11,-0.4328,100
569.742,-0.4256,100
570.375,-0.4185,100
571.006,-0.4116,100
571.637,-0.4051,100
572.268,-0.399,100
572.899,-0.3934,100
573.529,-0.3881,100
574.158,-0.3834,100
574.787,-0.3793,100
575.414,-0.3759,100
576.04,-0.3731,100
576.666,-0.3709,100
577.29,-0.3694,100
577.913,-0.3685,100
578.534,-0.3684,100
579.154,-0.3691,100
579.772,-0.3705,100
580.389,-0.3726,100
581.005,-0.3755,100
581.619,-0.3792,100
582.232,-0.3835,100
582.845,-0.3886,100
583.458,-0.3944,100
584.071,-0.4008,100
584.685,-0.408,100
585.299,-0.4159,200
585.912,-0.4245,200
586.526,-0.4339,200
587.14,-0.4439,200
587.756,-0.4546,200
588.374,-0.4659,200
588.994,-0.4777,200
589.617,-0.4899,200
590.242,-0.5021,200
590.872,-0.514,200
591.505,-0.5249,200
592.142,-0.5344,200
592.782,-0.542,200
593.423,-0.5476,200
594.066,-0.5522,200
594.71,-0.5555,200
595.355,-0.5575,200
596.002,-0.5582,200
596.649,-0.5578,200
597.297,-0.5562,200
597.945,-0.5535,200
598.594,-0.5498,200
599.244,-0.5451,200
599.893,-0.5393,200
600.543,-0.5326,200
601.193,-0.5249,200
601.843,-0.5162,200
602.492,-0.5065,200
603.142,-0.4958,200
603.792,-0.4841,200
604.441,-0.4715,200
605.089,-0.4579,200
605.737,-0.4434,200
606.384,-0.4279,200
607.031,-0.4114,200
607.677,-0.3942,200
608.323,-0.3765,200
608.968,-0.3585,200
609.613,-0.3405,200
610.258,-0.3226,200
610.903,-0.305,200
611.548,-0.2877,200
612.192,-0.2698,200
612.836,-0.2514,200
613.479,-0.2326,200
614.122,-0.2133,200
614.765,-0.1934,200
615.406,-0.1728,200
616.047,-0.1515,200
616.688,-0.1294,200
617.327,-0.1066,200
617.965,-0.083,200
618.602,-0.0591,200
619.24,-0.035,200
619.876,-0.0109,200
620.513,0.0129,200
621.15,0.0364,200
621.786,0.0593,200
622.423,0.0816,200
623.06,0.1031,200
623.696,0.1238,200
624.333,0.1437,200
624.969,0.1626,200
625.605,0.1806,200
626.241,0.1977,200
626.879,0.2139,200
627.519,0.2289,200
628.159,0.2431,200
628.801,0.2565,200
629.443,0.269,200
630.086,0.2808,200
630.731,0.2918,200
631.376,0.302,200
632.022,0.3116,200
632.669,0.3208,200
633.316,0.3297,200
633.965,0.3384,200
634.614,0.3471,200
635.264,0.3558,200
635.915,0.3647,200
636.566,0.3738,200
637.218,0.3832,200
637.871,0.3929,200
638.525,0.4029,200
639.179,0.4133,200
639.834,0.424,200
640.489,0.435,200
641.145,0.4463,200
641.802,0.4577,200
642.46,0.4688,200
643.118,0.4794,200
643.778,0.4895,200
644.438,0.4988,200
645.099,0.5073,200
645.762,0.5151,200
646.427,0.5219,200
647.094,0.5283,200
647.762,0.5345,200
648.431,0.5403,200
649.101,0.5458,200
649.772,0.5509,200
650.444,0.5559,200
651.117,0.5607,200
651.79,0.5656,200
652.465,0.5706,200
653.141,0.5758,200
653.818,0.5812,200
654.496,0.5867,200
655.174,0.5921,200
655.854,0.5972,200
656.535,0.6019,200
657.216,0.6059,200
657.899,0.6092,200
658.582,0.6116,200
659.266,0.614,200
659.951,0.6163,200
660.638,0.6183,200
661.325,0.6202,200
662.014,0.6219,200
662.703,0.6236,200
663.394,0.6254,200
664.086,0.6274,200
664.779,0.6295,200
665.473,0.6319,200
666.168,0.6346,200
666.864,0.6375,200
667.562,0.6408,200
668.26,0.6445,200
668.959,0.6482,200
669.66,0.6519,200
670.362,0.6553,200
671.066,0.6582,200
671.772,0.6604,200
672.48,0.6618,200
673.191,0.6623,200
673.904,0.6619,200
674.62,0.6611,200
675.339,0.66,200
676.062,0.6585,200
676.787,0.6566,200
677.515,0.6543,200
678.246,0.6517,200
678.978,0.649,200
679.711,0.6463,200
680.445,0.6436,200
681.181,0.6411,200
681.917,0.6388,200
682.655,0.6367,200
683.394,0.6349,200
684.135,0.6333,200
684.876,0.6322,200
685.619,0.6313,200
686.362,0.6308,200
687.107,0.6306,200
687.853,0.6307,200
688.601,0.631,200
689.349,0.6312,200
690.098,0.631,200
690.848,0.6303,200
691.599,0.6286,200
692.351,0.6263,200
693.104,0.6238,200
693.857,0.6211,200
694.613,0.6182,200
695.37,0.6151,200
696.128,0.6119,200
696.89,0.6088,200
697.654,0.6057,200
698.421,0.6028,200
699.191,0.6001,200
699.965,0.5977,200
700.741,0.5955,200
701.521,0.5937,200
702.303,0.5921,200
703.089,0.5908,200
703.878,0.5898,200
704.669,0.5892,200
705.461,0.589,200
706.255,0.589,200
707.049,0.5888,200
707.844,0.5883,200
708.641,0.5874,200
709.438,0.5868,200
710.236,0.5862,200
711.035,0.5856,200
711.836,0.5852,200
712.637,0.5849,200
713.439,0.5848,200
714.243,0.585,200
715.047,0.5854,200
715.853,0.5862,200
716.663,0.5872,200
717.478,0.5882,200
718.294,0.5892,200
719.11,0.5902,200
719.928,0.5912,200
720.747,0.5922,200
721.568,0.5931,200
722.39,0.5941,200
723.215,0.5951,200
724.042,0.5961,200
724.873,0.597,200
725.706,0.598,200
726.543,0.599,200
727.382,0.6,200
728.225,0.6009,200
729.07,0.6019,200
729.919,0.6029,200
730.77,0.6039,200
731.625,0.6048,200
732.482,0.6058,200
733.342,0.6068,200
734.203,0.6078,200
735.064,0.6088,200
735.927,0.6097,200
736.791,0.6107,200
737.655,0.6117,200
738.521,0.6127,200
739.387,0.6136,200
740.254,0.6146,200
741.123,0.6156,200
741.992,0.6166,200
742.862,0.6175,200
743.733,0.6185,200
744.605,0.6195,200
745.478,0.6205,200
746.352,0.6214,200
747.227,0.6224,200
748.103,0.6234,200
748.98,0.6244,200
749.857,0.6254,200
750.736,0.6262,200
751.616,0.6266,200
752.498,0.6263,200
753.382,0.6249,200
754.268,0.6225,200
755.157,0.6198,200
756.049,0.6165,200
756.94,0.6126,200
757.83,0.6083,200
758.72,0.6035,200
759.609,0.5984,200
760.495,0.5932,200
761.38,0.588,200
762.266,0.5829,200
763.153,0.5778,200
764.043,0.5729,200
764.935,0.5681,200
765.829,0.5635,200
766.725,0.559,200
767.623,0.5548,200
768.523,0.5506,200
769.426,0.5467,200
770.331,0.5429,200
771.238,0.5394,200
772.147,0.536,200
773.058,0.5327,200
773.971,0.5291,200
774.886,0.5253,200
775.803,0.5216,200
776.72,0.5179,200
777.639,0.5143,200
778.557,0.5107,200
779.477,0.5071,200
780.397,0.5037,200
781.318,0.5004,200
782.24,0.4971,200
783.163,0.4942,200
784.088,0.4913,200
785.015,0.4886,200
785.944,0.486,200
786.875,0.4831,200
787.809,0.4797,200
788.744,0.4758,200
789.681,0.4719,200
790.62,0.4679,200
791.562,0.4637,200
792.505,0.4594,200
793.451,0.455,200
794.399,0.4506,200
795.349,0.4464,200
796.301,0.4422,200
797.256,0.4381,200
798.212,0.4343,200
799.171,0.4306,200
800.132,0.4271,200
801.095,0.4238,200
802.06,0.4207,200
803.028,0.4178,200
803.997,0.4153,200
804.969,0.4129,200
805.943,0.4107,200
806.919,0.4087,200
807.897,0.4071,200
808.875,0.4056,200
809.854,0.4045,200
810.834,0.4036,200
811.814,0.4029,200
812.795,0.4025,200
813.776,0.4022,200
814.759,0.4021,200
815.743,0.4016,200
816.728,0.4006,200
817.715,0.3992,200
818.704,0.3976,200
819.695,0.3959,200
820.689,0.394,200
821.684,0.3919,200
822.682,0.3898,200
823.682,0.3878,200
824.684,0.3857,200
825.688,0.3839,200
826.694,0.3821,200
827.702,0.3806,200
828.712,0.3793,200
829.725,0.3783,200
830.74,0.3774,200
831.757,0.3769,200
832.776,0.3766,200
833.797,0.3765,200
834.82,0.3768,200
835.845,0.3773,200
836.873,0.378,200
837.903,0.3791,200
838.934,0.3804,200
839.968,0.382,200
841.004,0.3839,200
842.042,0.3861,200
843.081,0.3886,200
844.122,0.3912,200
845.162,0.3942,200
846.203,0.3975,200
847.244,0.4011,200
848.286,0.405,200
849.332,0.409,200
850.378,0.4131,200
851.425,0.4171,200
852.472,0.4212,200
853.519,0.4253,200
854.568,0.4293,200
855.617,0.4333,200
856.666,0.4373,200
857.716,0.4413,200
858.766,0.4453,200
859.817,0.4494,200
860.869,0.4534,200
861.921,0.4575,200
862.973,0.4615,200
864.026,0.4656,200
865.08,0.4697,200
866.134,0.4738,200
867.189,0.4778,200
868.245,0.4819,200
869.303,0.4859,200
870.363,0.49,200
871.425,0.4941,200
872.489,0.4982,200
873.555,0.5023,200
874.623,0.5064,200
875.694,0.5105,200
876.766,0.5147,200
877.841,0.5188,200
878.917,0.5229,200
879.996,0.5271,200
881.077,0.5313,200
882.16,0.5354,200
883.245,0.5396,200
884.332,0.5438,200
885.421,0.548,200
886.512,0.5522,200
887.606,0.5564,200
888.701,0.5606,200
889.799,0.5648,200
890.898,0.5691,200
892,0.5733,200
893.103,0.5775,200
894.207,0.5818,200
895.311,0.5858,200
896.416,0.5897,200
897.521,0.5935,200
898.626,0.5972,200
899.733,0.6008,200
900.839,0.6044,200
901.946,0.6078,200
903.054,0.6113,200
904.161,0.6146,200
905.27,0.618,200
906.379,0.6213,200
907.488,0.6247,200
908.598,0.6279,200
909.708,0.6312,200
910.819,0.6345,200
911.93,0.6378,200
913.041,0.6411,200
914.153,0.6444,200
915.266,0.6477,200
916.379,0.651,200
917.492,0.6543,200
918.606,0.6577,200
919.72,0.661,200
920.835,0.6644,200
921.95,0.6677,200
923.065,0.6708,200
924.182,0.6734,200
925.299,0.675,200
926.417,0.6759,200
927.536,0.6763,200
928.657,0.6761,200
929.781,0.6754,200
930.906,0.6742,200
932.034,0.6726,200
933.163,0.6707,200
934.295,0.6686,200
935.428,0.6663,200
936.564,0.6639,200
937.702,0.6614,200
938.841,0.6589,200
939.983,0.6564,200
941.127,0.6538,200
942.273,0.6512,200
943.42,0.6487,200
944.567,0.6461,200
945.714,0.6436,200
946.859,0.641,200
948.004,0.6384,200
949.149,0.6358,200
950.292,0.6332,200
951.436,0.6307,200
952.582,0.6281,200
953.728,0.6255,200
954.877,0.623,200
956.026,0.6203,200
957.178,0.6178,200
958.33,0.6152,200
959.484,0.6126,200
960.64,0.61,200
961.797,0.6074,200
962.956,0.6048,200
964.116,0.6022,200
965.277,0.5996,200
966.44,0.5969,200
967.604,0.5943,200
968.769,0.5916,200
969.933,0.5889,200
971.098,0.5863,200
972.263,0.5836,200
973.428,0.581,200
974.593,0.5784,200
975.759,0.5757,200
976.925,0.573,200
978.091,0.5703,200
979.258,0.5676,200
980.424,0.5648,200
981.591,0.5621,200
982.758,0.5594,200
983.925,0.5566,200
985.092,0.5539,200
986.255,0.5511,200
987.412,0.5484,200
988.566,0.5456,200
989.717,0.543,200
990.865,0.54,200
992.008,0.5365,200
993.144,0.5319,200
994.271,0.5261,200
995.387,0.5189,200
996.492,0.5103,90
997.582,0.5004,90
998.658,0.4899,90
999.718,0.4788,90
1000.76,0.4669,90
1001.79,0.4543,90
1002.81,0.4409,90
1003.81,0.4266,90
1004.8,0.4115,90
1005.77,0.3956,90
1006.73,0.3792,90
1007.67,0.3622,90
1008.6,0.3448,90
1009.51,0.3279,90
1010.41,0.3118,90
1011.3,0.2967,90
1012.18,0.2824,90
1013.04,0.2692,90
1013.9,0.257,90
1014.75,0.2457,90
1015.59,0.2355,90
1016.42,0.2262,90
1017.24,0.218,90
1018.06,0.2108,90
1018.86,0.2045,90
1019.65,0.199,90
1020.44,0.1942,90
1021.21,0.1899,90
1021.97,0.1861,90
1022.72,0.1825,90
1023.46,0.1792,90
1024.18,0.1759,90
1024.9,0.1726,90
1025.61,0.1693,90
1026.3,0.1661,90
1026.98,0.1631,90
1027.66,0.1601,90
1028.32,0.1572,90
1028.97,0.1544,90
1029.61,0.1517,90
1030.25,0.149,90
1030.86,0.1464,90
1031.47,0.1438,90
1032.07,0.1412,90
1032.66,0.1386,90
1033.23,0.1358,90
1033.8,0.1328,90
1034.35,0.1295,90
1034.89,0.1263,90
1035.43,0.123,90
1035.95,0.1197,90
1036.48,0.116,90
1037.01,0.112,90
1037.54,0.1078,90
1038.06,0.1035,90
1038.59,0.0987,90
1039.12,0.0935,90
1039.65,0.0877,90
1040.18,0.0811,90
1040.71,0.0737,90
1041.24,0.0651,90
1041.78,0.0553,90
1042.31,0.0445,90
1042.84,0.0335,90
1043.37,0.0225,90
1043.9,0.0113,90
1044.44,-0,90
1044.97,-0.0114,90
1045.51,-0.0229,90
1046.05,-0.0342,190
1046.59,-0.0454,190
1047.13,-0.0564,190
1047.67,-0.0672,190
1048.21,-0.0778,190
1048.76,-0.0882,190
1049.31,-0.0984,190
1049.86,-0.1084,190
1050.41,-0.1182,190
1050.97,-0.1277,190
1051.52,-0.137,190
1052.08,-0.146,190
1052.64,-0.1547,190
1053.19,-0.1631,190
1053.75,-0.1713,190
1054.32,-0.1792,190
1054.88,-0.1869,190
1055.44,-0.1942,190
1056.01,-0.2012,190
1056.57,-0.2079,190
1057.14,-0.2144,190
1057.7,-0.2205,190
1058.27,-0.2263,190
1058.84,-0.2318,190
1059.41,-0.2369,190
1059.98,-0.2418,190
1060.56,-0.2463,190
1061.13,-0.2504,190
1061.71,-0.2544,190
1062.28,-0.2584,190
1062.86,-0.2626,190
1063.44,-0.2673,190
1064.01,-0.2726,190
1064.59,-0.2785,190
1065.17,-0.2852,190
1065.75,-0.2926,190
1066.33,-0.3,190
1066.91,-0.3073,190
1067.49,-0.3146,190
1068.08,-0.3219,190
1068.66,-0.329,190
1069.26,-0.3356,190
1069.85,-0.3416,190
1070.45,-0.3469,190
1071.05,-0.3518,190
1071.64,-0.3565,190
1072.24,-0.361,190
1072.84,-0.3655,190
1073.45,-0.3703,190
1074.05,-0.3756,190
1074.65,-0.3812,190
1075.25,-0.3874,190
1075.85,-0.3942,190
1076.46,-0.4016,190
1077.06,-0.4097,190
1077.66,-0.4187,190
1078.26,-0.4285,190
1078.86,-0.4391,190
1079.46,-0.4506,190
1080.06,-0.4628,190
1080.66,-0.4759,190
1081.26,-0.4895,190
1081.86,-0.5037,190
1082.46,-0.5184,190
1083.06,-0.5336,190
1083.67,-0.5495,190
1084.27,-0.5658,190
1084.87,-0.5827,190
1085.48,-0.5999,190
1086.09,-0.6173,190
1086.69,-0.6347,190
1087.3,-0.6518,190
1087.92,-0.6686,190
1088.53,-0.6849,190
1089.15,-0.7005,190
1089.76,-0.7156,190
1090.39,-0.7299,190
1091.01,-0.7436,190
1091.63,-0.7565,190
1092.26,-0.7686,190
1092.89,-0.7799,190
1093.52,-0.7905,190
1094.15,-0.8003,190
1094.78,-0.8093,190
1095.42,-0.8173,190
1096.05,-0.8242,190
1096.69,-0.8296,190
1097.33,-0.8333,190
1097.97,-0.8352,190
1098.61,-0.8354,190
1099.26,-0.8345,190
1099.9,-0.8326,190
1100.55,-0.8295,190
1101.2,-0.8253,190
1101.85,-0.8201,190
1102.5,-0.814,190
1103.15,-0.8069,190
1103.8,-0.799,190
1104.45,-0.7902,190
1105.1,-0.7806,190
1105.75,-0.7702,190
1106.4,-0.7595,190
1107.05,-0.7487,190
1107.7,-0.7379,190
1108.35,-0.7273,190
1109,-0.7172,190
1109.66,-0.7077,190
1110.31,-0.6989,190
1110.96,-0.6908,190
1111.61,-0.6837,190
1112.26,-0.6775,190
1112.92,-0.6715,190
1113.57,-0.6656,190
1114.22,-0.6599,190
1114.88,-0.6545,190
1115.53,-0.6491,190
1116.19,-0.6437,190
1116.85,-0.6381,190
1117.51,-0.6321,190
1118.18,-0.6257,190
1118.85,-0.6186,190
1119.52,-0.611,190
1120.18,-0.603,190
1120.85,-0.5949,190
1121.52,-0.587,190
1122.2,-0.5794,190
1122.87,-0.5721,190
1123.55,-0.5649,190
1124.23,-0.5575,190
1124.92,-0.5499,190
1125.6,-0.5421,190
1126.29,-0.5339,190
1126.98,-0.5255,190
1127.67,-0.5166,190
1128.37,-0.5074,190
1129.06,-0.4978,190
1129.75,-0.4878,190
1130.45,-0.4774,190
1131.14,-0.4667,190
1131.84,-0.456,190
1132.54,-0.4454,190
1133.23,-0.4352,190
1133.93,-0.4254,190
1134.63,-0.4161,190
1135.34,-0.4074,190
1136.04,-0.3992,190
1136.75,-0.3912,190
1137.46,-0.3833,190
1138.18,-0.3755,190
1138.89,-0.3677,190
1139.61,-0.36,190
1140.33,-0.3524,190
1141.06,-0.3448,190
1141.79,-0.3368,190
1142.52,-0.3287,190
1143.25,-0.3204,190
1143.98,-0.3122,190
1144.72,-0.3042,190
1145.46,-0.2966,190
1146.21,-0.2892,190
1146.95,-0.2815,190
1147.7,-0.2737,190
1148.44,-0.2657,190
1149.19,-0.2574,190
1149.94,-0.2489,190
1150.69,-0.2399,190
1151.44,-0.2303,190
1152.2,-0.2202,190
1152.95,-0.2095,190
1153.71,-0.1983,190
1154.47,-0.1864,190
1155.23,-0.1738,190
1156,-0.1604,190
1156.77,-0.1464,190
1157.54,-0.1316,190
1158.31,-0.116,190
1159.08,-0.0997,190
1159.86,-0.0826,190
1160.64,-0.0648,190
1161.42,-0.0461,190
1162.2,-0.0267,190
1162.98,-0.0065,190
1163.77,0.0145,190
1164.56,0.0363,190
1165.35,0.0588,190
1166.14,0.0821,190
1166.93,0.1062,190
1167.71,0.1311,190
1168.5,0.1566,190
1169.29,0.1828,190
1170.08,0.2099,190
1170.88,0.2371,190
1171.68,0.2633,190
1172.49,0.2885,190
1173.3,0.3128,190
1174.11,0.3362,190
1174.93,0.3586,190
1175.75,0.38,190
1176.57,0.4004,190
1177.39,0.42,190
1178.22,0.4386,190
1179.05,0.4562,190
1179.88,0.4729,190
1180.72,0.4888,190
1181.56,0.504,190
1182.4,0.5188,190
1183.25,0.5334,190
1184.1,0.548,190
1184.95,0.5626,190
1185.81,0.5773,190
1186.67,0.5917,190
1187.53,0.6059,190
1188.4,0.6197,190
1189.27,0.6333,190
1190.15,0.6465,190
1191.03,0.6594,190
1191.91,0.6718,190
1192.8,0.6834,190
1193.68,0.6944,190
1194.57,0.7047,190
1195.46,0.714,190
1196.35,0.7225,190
1197.24,0.7301,190
1198.14,0.7367,190
1199.04,0.7424,190
1199.93,0.747,190
1200.83,0.7507,190
1201.73,0.7534,190
1202.63,0.755,190
1203.54,0.7558,190
1204.44,0.7554,190
1205.35,0.7541,190
1206.25,0.7518,190
1207.16,0.7485,190
1208.07,0.7442,190
1208.98,0.7389,190
1209.9,0.7325,190
1210.82,0.7252,190
1211.74,0.717,190
1212.65,0.7077,190
1213.57,0.6973,190
1214.48,0.6859,190
1215.39,0.6735,190
1216.31,0.6601,190
1217.22,0.6461,190
1218.13,0.6315,190
1219.05,0.6168,190
1219.96,0.6022,190
1220.88,0.5875,190
1221.8,0.5724,190
1222.72,0.5569,190
1223.65,0.5409,190
1224.57,0.5244,190
1225.49,0.5073,190
1226.42,0.4895,190
1227.35,0.471,190
1228.28,0.4516,190
1229.21,0.4314,190
1230.13,0.4102,190
1231.06,0.3882,190
1231.99,0.3653,190
1232.91,0.3415,190
1233.84,0.3167,190
1234.76,0.2913,190
1235.68,0.2661,190
1236.6,0.2418,190
1237.52,0.2186,190
1238.44,0.1963,190
1239.37,0.1744,190
1240.3,0.1531,190
1241.23,0.1322,190
1242.16,0.1118,190
1243.1,0.0917,190
1244.04,0.0719,190
1244.98,0.0523,190
1245.92,0.0329,190
1246.87,0.0136,190
1247.81,-0.0057,190
1248.76,-0.0248,190
1249.72,-0.044,190
1250.67,-0.0631,190
1251.63,-0.0822,190
1252.59,-0.1014,190
1253.55,-0.1205,190
1254.52,-0.1397,190
1255.48,-0.1586,190
1256.46,-0.177,190
1257.43,-0.1949,190
1258.41,-0.2123,190
1259.39,-0.2292,190
1260.37,-0.2455,190
1261.36,-0.2614,190
1262.34,-0.2766,190
1263.33,-0.2913,190
1264.32,-0.3054,190
1265.31,-0.3191,190
1266.3,-0.3321,190
1267.29,-0.3445,190
1268.28,-0.3564,190
1269.28,-0.3677,190
1270.28,-0.3785,190
1271.28,-0.3886,190
1272.28,-0.3982,190
1273.29,-0.4072,190
1274.3,-0.4156,190
1275.31,-0.4234,190
1276.33,-0.4306,190
1277.34,-0.4371,190
1278.36,-0.4431,190
1279.39,-0.4483,190
1280.41,-0.453,190
1281.44,-0.4569,190
1282.47,-0.4603,190
1283.5,-0.463,190
1284.54,-0.4649,190
1285.57,-0.4662,190
1286.61,-0.467,190
1287.66,-0.4676,190
1288.7,-0.4678,190
1289.75,-0.4676,190
1290.8,-0.4668,190
1291.85,-0.4656,190
1292.9,-0.4638,190
1293.95,-0.4615,190
1295.01,-0.4585,190
1296.06,-0.4549,190
1297.12,-0.4505,190
1298.17,-0.4455,190
1299.23,-0.4397,190
1300.29,-0.4334,190
1301.35,-0.4269,190
1302.4,-0.4205,190
1303.46,-0.414,190
1304.52,-0.4072,190
1305.58,-0.4001,190
1306.64,-0.3927,190
1307.7,-0.3849,190
1308.76,-0.3767,190
1309.82,-0.3679,190
1310.88,-0.3585,190
1311.94,-0.3485,190
1313.01,-0.3378,190
1314.07,-0.3262,190
1315.13,-0.3139,190
1316.19,-0.3008,190
1317.25,-0.2867,190
1318.32,-0.2717,190
1319.38,-0.2561,190
1320.45,-0.2401,190
1321.52,-0.224,190
1322.59,-0.2081,190
1323.66,-0.1928,190
1324.63,-0.1794,190
1325.61,-0.1667,190
1326.59,-0.1547,190
1327.56,-0.1431,190
1328.54,-0.1318,190
1329.53,-0.1208,190
1330.51,-0.1101,190
1331.5,-0.0996,190
1332.48,-0.0893,190
1333.47,-0.0788,190
1334.46,-0.0682,190
1335.45,-0.0572,190
1336.44,-0.0458,190
1337.44,-0.0338,190
1338.43,-0.021,190
1339.43,-0.0076,190
1340.42,0.0066,190
1341.42,0.0211,190
1342.42,0.0359,190
1343.42,0.0505,190
1344.42,0.0645,190
1345.42,0.0774,190
1346.42,0.0893,190
1347.42,0.1005,190
1348.42,0.1112,190
1349.42,0.1211,190
1350.43,0.1304,190
1351.43,0.139,190
1352.43,0.1472,190
1353.43,0.1553,190
1354.43,0.1633,190
1355.44,0.1713,190
1356.44,0.1795,190
1357.44,0.1879,190
1358.45,0.1962,190
1359.45,0.204,190
1360.46,0.2112,190
1361.46,0.2176,190
1362.47,0.223,190
1363.47,0.2281,190
1364.47,0.2329,190
1365.47,0.2371,190
1366.46,0.241,190
1367.44,0.2445,190
1368.43,0.2478,190
1369.41,0.2509,190
1370.38,0.2538,190
1371.36,0.2568,190
1372.32,0.2598,190
1373.27,0.263,190
1374.22,0.2663,190
1375.15,0.2699,110
1376.08,0.2738,110
1376.99,0.278,110
1377.88,0.2824,110
1378.77,0.2871,110
1379.64,0.292,110
1380.5,0.2972,110
1381.35,0.3026,110
1382.19,0.3083,110
1383.02,0.3141,110
1383.84,0.3202,110
1384.64,0.3264,110
1385.44,0.3329,110
1386.23,0.3395,110
1387,0.3463,110
1387.76,0.3532,110
1388.52,0.3603,110
1389.26,0.3675,110
1389.99,0.3748,110
1390.72,0.3823,110
1391.43,0.3899,110
1392.14,0.3976,110
1392.84,0.4054,110
1393.52,0.4132,110
1394.2,0.4212,110
1394.86,0.4292,110
1395.52,0.4373,110
1396.16,0.4454,110
1396.8,0.4536,110
1397.43,0.4618,110
1398.05,0.4701,110
1398.66,0.4784,110
1399.26,0.4867,110
1399.85,0.495,110
1400.44,0.5034,110
1401.02,0.5119,110
1401.6,0.5205,110
1402.18,0.5293,110
1402.76,0.5383,110
1403.34,0.5474,110
1403.92,0.5566,110
1404.5,0.5658,110
1405.08,0.5749,110
1405.66,0.5836,110
1406.25,0.5918,110
1406.83,0.5993,110
1407.41,0.606,110
1408,0.6118,110
1408.58,0.6166,110
1409.17,0.6211,110
1409.76,0.6254,110
1410.34,0.6293,110
1410.93,0.6329,110
1411.52,0.6362,110
1412.11,0.6394,110
1412.7,0.6424,110
1413.29,0.6455,110
1413.88,0.6485,110
1414.47,0.6515,110
1415.06,0.6542,110
1415.65,0.6565,110
1416.24,0.6582,110
1416.84,0.6592,110
1417.43,0.6593,110
1418.02,0.6584,110
1418.62,0.6566,110
1419.21,0.6544,110
1419.8,0.6519,110
1420.4,0.6491,110
1420.99,0.6459,110
1421.59,0.6424,110
1422.19,0.6387,110
1422.78,0.6348,110
1423.38,0.6309,110
1423.98,0.627,110
1424.58,0.6231,110
1425.18,0.6194,110
1425.78,0.6156,110
1426.38,0.612,110
1426.98,0.6085,110
1427.59,0.6051,110
1428.19,0.6018,110
1428.79,0.5982,110
1429.4,0.5943,110
1430,0.5901,110
1430.61,0.5859,110
1431.21,0.5819,110
1431.82,0.5778,110
1432.43,0.5737,110
1433.03,0.5697,110
1433.64,0.5659,110
1434.24,0.562,110
1434.84,0.5583,110
1435.45,0.5547,110
1436.05,0.5512,110
1436.65,0.548,110
1437.26,0.5448,110
1437.86,0.5416,110
1438.47,0.5382,110
1439.07,0.5344,110
1439.68,0.53,110
1440.28,0.525,110
1440.89,0.5191,110
1441.5,0.5122,110
1442.1,0.5044,110
1442.7,0.4956,110
1443.3,0.4856,110
1443.89,0.4748,110
1444.49,0.4636,110
1445.09,0.4517,110
1445.69,0.4391,110
1446.29,0.4257,110
1446.88,0.4118,110
1447.48,0.3972,110
1448.07,0.3824,110
1448.66,0.3673,110
1449.26,0.352,110
1449.85,0.3364,110
1450.44,0.3204,110
1451.03,0.3037,110
1451.63,0.2864,110
1452.22,0.2685,110
1452.81,0.2506,110
1453.41,0.2327,110
1454.01,0.2148,110
1454.6,0.197,110
1455.2,0.1794,110
1455.8,0.1621,110
1456.39,0.1452,110
1456.99,0.1287,110
1457.59,0.1127,110
1458.18,0.097,110
1458.78,0.0815,110
1459.38,0.0659,110
1459.98,0.0502,110
1460.58,0.0342,110
1461.18,0.0178,110
1461.79,0.0009,110
1462.39,-0.0166,110
1462.99,-0.0347,110
1463.59,-0.0528,110
1464.2,-0.0708,110
1464.8,-0.0889,110
1465.41,-0.1069,110
1466.02,-0.1249,110
1466.62,-0.1427,110
1467.22,-0.1602,110
1467.83,-0.1773,110
1468.43,-0.1941,110
1469.04,-0.2106,110
1469.65,-0.2265,110
1470.26,-0.242,110
1470.87,-0.257,110
1471.48,-0.2714,110
1472.09,-0.2853,110
1472.71,-0.2986,110
1473.32,-0.3113,110
1473.94,-0.3234,110
1474.56,-0.3349,110
1475.18,-0.3458,110
1475.79,-0.3559,110
1476.41,-0.3655,110
1477.03,-0.3744,110
1477.65,-0.3825,110
1478.27,-0.3898,110
1478.89,-0.3965,110
1479.51,-0.4026,110
1480.14,-0.4082,110
1480.76,-0.4137,180
1481.39,-0.4193,180
1482.01,-0.4249,180
1482.64,-0.4309,180
1483.27,-0.4373,180
1483.9,-0.4442,180
1484.53,-0.4517,180
1485.15,-0.4598,180
1485.78,-0.4679,180
1486.41,-0.4759,180
1487.04,-0.4839,180
1487.67,-0.4919,180
1488.31,-0.4997,180
1488.94,-0.5074,180
1489.57,-0.5148,180
1490.21,-0.5218,180
1490.85,-0.5282,180
1491.48,-0.5341,180
1492.12,-0.5394,180
1492.76,-0.544,180
1493.4,-0.5478,180
1494.04,-0.5509,180
1494.68,-0.5532,180
1495.33,-0.5548,180
1495.97,-0.5555,180
1496.61,-0.5555,180
1497.26,-0.5547,180
1497.9,-0.5531,180
1498.55,-0.5506,180
1499.19,-0.5475,180
1499.84,-0.544,180
1500.49,-0.5403,180
1501.13,-0.5366,180
1501.78,-0.533,180
1502.43,-0.5297,180
1503.07,-0.5267,180
1503.72,-0.5242,180
1504.36,-0.5223,180
1505.01,-0.521,180
1505.66,-0.5203,180
1506.3,-0.5202,180
1506.95,-0.5209,180
1507.59,-0.5223,180
1508.24,-0.5245,180
1508.88,-0.5274,180
1509.52,-0.5311,180
1510.16,-0.5355,180
1510.8,-0.5405,180
1511.44,-0.5459,180
1512.09,-0.5518,180
1512.73,-0.5582,180
1513.37,-0.5651,180
1514.01,-0.5726,180
1514.65,-0.5806,180
1515.3,-0.589,180
1515.94,-0.5979,180
1516.58,-0.6069,180
1517.23,-0.6162,180
1517.87,-0.6254,180
1518.52,-0.6345,180
1519.17,-0.6433,180
1519.82,-0.6517,180
1520.47,-0.6595,180
1521.12,-0.6668,180
1521.77,-0.6734,180
1522.42,-0.6792,180
1523.08,-0.6843,180
1523.73,-0.6887,180
1524.39,-0.6922,180
1525.05,-0.695,180
1525.7,-0.6969,180
1526.36,-0.6982,180
1527.02,-0.699,180
1527.68,-0.6997,180
1528.34,-0.7002,180
1529,-0.7009,180
1529.66,-0.7018,180
1530.32,-0.703,180
1530.98,-0.7047,180
1531.64,-0.7068,180
1532.3,-0.7093,180
1532.96,-0.7119,180
1533.62,-0.7143,180
1534.28,-0.7166,180
1534.95,-0.7189,180
1535.61,-0.7211,180
1536.27,-0.7231,180
1536.94,-0.7248,180
1537.6,-0.7262,180
1538.27,-0.727,180
1538.94,-0.7273,180
1539.6,-0.7269,180
1540.27,-0.7258,180
1540.94,-0.7239,180
1541.6,-0.7213,180
1542.27,-0.7178,180
1542.94,-0.7135,180
1543.61,-0.7083,180
1544.28,-0.7024,180
1544.95,-0.6955,180
1545.62,-0.6878,180
1546.28,-0.6793,180
1546.95,-0.6699,180
1547.63,-0.6595,180
1548.3,-0.648,180
1548.98,-0.6354,180
1549.65,-0.6218,180
1550.32,-0.6075,180
1550.99,-0.5928,180
1551.66,-0.5779,180
1552.33,-0.5629,180
1552.99,-0.5481,180
1553.66,-0.5335,180
1554.33,-0.5193,180
1554.99,-0.5054,180
1555.66,-0.4921,180
1556.32,-0.4792,180
1556.98,-0.4669,180
1557.64,-0.4552,180
1558.3,-0.444,180
1558.96,-0.4328,180
1559.62,-0.4217,180
1560.28,-0.4109,180
1560.94,-0.4004,180
1561.59,-0.3901,180
1562.25,-0.3799,180
1562.91,-0.3698,180
1563.57,-0.3597,180
1564.22,-0.3493,180
1564.88,-0.3386,180
1565.54,-0.3275,180
1566.19,-0.3158,180
1566.85,-0.3035,180
1567.5,-0.2907,180
1568.16,-0.2776,180
1568.81,-0.2644,180
1569.47,-0.2512,180
1570.12,-0.2382,180
1570.77,-0.2256,180
1571.43,-0.2133,180
1572.08,-0.2014,180
1572.73,-0.1894,180
1573.38,-0.1771,180
1574.04,-0.1646,180
1574.69,-0.152,180
1575.34,-0.1393,180
1575.99,-0.1262,180
1576.64,-0.1129,180
1577.29,-0.0991,180
1577.94,-0.0848,180
1578.59,-0.0703,180
1579.24,-0.0556,180
1579.89,-0.0406,180
1580.54,-0.0254,180
1581.19,-0.0101,180
1581.84,0.0051,180
1582.49,0.0201,180
1583.14,0.0346,180
1583.79,0.0486,180
1584.45,0.062,180
1585.1,0.0747,180
1585.76,0.0875,180
1586.41,0.1001,180
1587.07,0.1127,180
1587.73,0.1252,180
1588.4,0.1377,180
1589.06,0.1501,180
1589.72,0.1626,180
1590.39,0.1752,180
1591.05,0.1879,180
1591.72,0.2008,180
1592.38,0.214,180
1593.05,0.2274,180
1593.71,0.2409,180
1594.38,0.2544,180
1595.04,0.2677,180
1595.71,0.2806,180
1596.37,0.2929,180
1597.04,0.3046,180
1597.7,0.3157,180
1598.37,0.3266,180
1599.04,0.3374,180
1599.7,0.3481,180
1600.37,0.3585,180
1601.04,0.3687,180
1601.71,0.3789,180
1602.38,0.3891,180
1603.05,0.3993,180
1603.72,0.4096,180
1604.38,0.4202,180
1605.05,0.4307,180
1605.72,0.4412,180
1606.39,0.4514,180
1607.06,0.4611,180
1607.74,0.4704,180
1608.41,0.4799,180
1609.08,0.4894,180
1609.75,0.499,180
1610.42,0.5087,180
1611.09,0.5184,180
1611.77,0.5283,180
1612.44,0.5384,180
1613.12,0.5487,180
1613.8,0.5589,180
1614.48,0.569,180
1615.16,0.5792,180
1615.85,0.5892,180
1616.54,0.5989,180
1617.22,0.608,180
1617.91,0.6163,180
1618.61,0.6238,180
1619.3,0.6304,180
1619.99,0.6366,180
1620.69,0.6425,180
1621.39,0.6479,180
1622.09,0.653,180
1622.79,0.6578,180
1623.49,0.6623,180
1624.19,0.6666,180
1624.9,0.6708,180
1625.61,0.6748,180
1626.31,0.6788,180
1627.02,0.6827,180
1627.74,0.6866,180
1628.45,0.6905,180
1629.16,0.6943,180
1629.88,0.698,180
1630.6,0.7013,180
1631.32,0.7041,180
1632.04,0.7061,180
1632.76,0.7071,180
1633.48,0.7073,180
1634.21,0.7071,180
1634.93,0.7065,180
1635.66,0.7055,180
1636.38,0.704,180
1637.11,0.7022,180
1637.83,0.7,180
1638.56,0.6977,180
1639.29,0.6952,180
1640.01,0.6925,180
1640.74,0.6898,180
1641.47,0.687,180
1642.2,0.6841,180
1642.92,0.6813,180
1643.65,0.6783,180
1644.38,0.6754,180
1645.12,0.6724,180
1645.85,0.6695,180
1646.58,0.6665,180
1647.32,0.6635,180
1648.06,0.6605,180
1648.79,0.6575,180
1649.53,0.6545,180
1650.28,0.6515,180
1651.02,0.6484,180
1651.76,0.6454,180
1652.51,0.6424,180
1653.26,0.6392,180
1654.01,0.6356,180
1654.76,0.6315,180
1655.51,0.6265,180
1656.26,0.6208,180
1657.02,0.6149,180
1657.77,0.6086,180
1658.53,0.6019,180
1659.29,0.5949,180
1660.05,0.5877,180
1660.81,0.5801,180
1661.57,0.5724,180
1662.34,0.5646,180
1663.1,0.5566,180
1663.87,0.5485,180
1664.64,0.5404,180
1665.41,0.5322,180
1666.18,0.524,180
1666.95,0.5158,180
1667.73,0.5075,180
1668.51,0.4992,180
1669.28,0.4909,180
1670.06,0.4825,180
1670.84,0.4742,180
1671.62,0.4658,180
1672.4,0.4575,180
1673.18,0.4491,180
1673.96,0.4409,180
1674.74,0.4328,180
1675.52,0.4248,180
1676.3,0.4169,180
1677.08,0.4091,180
1677.86,0.4015,180
1678.65,0.3939,180
1679.43,0.3865,180
1680.22,0.3791,180
1681,0.3719,180
1681.79,0.3648,180
1682.58,0.3577,180
1683.38,0.3508,180
1684.17,0.3441,180
1684.97,0.3374,180
1685.76,0.3308,180
1686.56,0.3242,180
1687.36,0.3174,180
1688.16,0.31,180
1688.97,0.3023,180
1689.77,0.2945,180
1690.58,0.2866,180
1691.38,0.2786,180
1692.19,0.2704,180
1693,0.2622,180
1693.82,0.2539,180
1694.63,0.2457,180
1695.44,0.2374,180
1696.26,0.2293,180
1697.08,0.2212,180
1697.9,0.2131,180
1698.72,0.2053,180
1699.54,0.1975,180
1700.37,0.1898,180
1701.2,0.1823,180
1702.02,0.1749,180
1702.85,0.1676,180
1703.69,0.1605,180
1704.52,0.1535,180
1705.35,0.1467,180
1706.19,0.14,180
1707.02,0.1334,180
1707.86,0.1271,180
1708.69,0.1209,180
1709.53,0.1148,180
1710.37,0.1089,180
1711.2,0.1032,180
1712.04,0.0976,180
1712.88,0.0922,180
1713.72,0.087,180
1714.56,0.0819,180
1715.4,0.077,180
1716.24,0.0723,180
1717.09,0.0677,180
1717.93,0.0632,180
1718.78,0.0586,180
1719.63,0.0541,180
1720.48,0.0495,180
1721.34,0.0449,180
1722.19,0.0403,180
1723.05,0.0358,180
1723.9,0.0312,180
1724.76,0.0265,180
1725.62,0.0219,180
1726.49,0.0173,180
1727.35,0.0127,180
1728.22,0.008,180
1729.08,0.0034,180
1729.95,-0.0013,180
1730.82,-0.0059,180
1731.69,-0.0106,180
1732.57,-0.0153,180
1733.44,-0.02,180
1734.32,-0.0247,180
1735.19,-0.0294,180
1736.07,-0.0341,180
1736.95,-0.0388,180
1737.84,-0.0435,180
1738.72,-0.0483,180
1739.61,-0.053,180
1740.49,-0.0578,180
1741.38,-0.0626,180
1742.27,-0.0673,180
1743.17,-0.0721,180
1744.06,-0.0769,180
1744.95,-0.0817,180
1745.84,-0.0865,180
1746.73,-0.0913,180
1747.63,-0.0961,180
1748.52,-0.1009,180
1749.42,-0.1056,180
1750.31,-0.1104,180
1751.2,-0.1152,180
1752.1,-0.1201,180
1753,-0.1249,180
1753.9,-0.1297,180
1754.8,-0.1345,180
1755.7,-0.1394,180
1756.61,-0.1442,180
1757.51,-0.1491,180
1758.42,-0.154,180
1759.33,-0.1588,180
1760.24,-0.1637,180
1761.15,-0.1686,180
1762.07,-0.1735,180
1762.98,-0.1784,180
1763.9,-0.1833,180
1764.82,-0.1883,180
1765.74,-0.1932,180
1766.66,-0.1982,180
1767.58,-0.2031,180
1768.5,-0.2081,180
1769.43,-0.2131,180
1770.36,-0.218,180
1771.29,-0.223,180
1772.22,-0.228,180
1773.15,-0.233,180
1774.09,-0.238,180
1775.02,-0.2431,180
1775.96,-0.2481,180
1776.9,-0.2531,180
1777.84,-0.2582,180
1778.78,-0.2633,180
1779.72,-0.2683,180
1780.67,-0.2734,180
1781.62,-0.2785,180
1782.56,-0.2836,180
1783.51,-0.2887,180
1784.46,-0.2938,180
1785.4,-0.2989,180
1786.35,-0.3039,180
1787.3,-0.309,180
1788.25,-0.3141,180
1789.2,-0.3192,180
1790.14,-0.3243,180
1791.09,-0.3294,180
1792.04,-0.3345,180
1792.99,-0.3396,180
1793.94,-0.3447,180
1794.89,-0.3498,180
1795.84,-0.3549,180
1796.79,-0.36,180
1797.74,-0.3652,180
1798.69,-0.3706,180
1799.64,-0.3762,180
1800.59,-0.3819,180
1801.54,-0.3879,180
1802.49,-0.3941,180
1803.44,-0.4004,180
1804.39,-0.407,180
1805.34,-0.4137,180
1806.29,-0.4207,180
1807.24,-0.4279,180
1808.19,-0.4352,180
1809.14,-0.4428,180
1810.09,-0.4506,180
1811.04,-0.4584,180
1811.99,-0.4661,180
1812.95,-0.4736,180
1813.9,-0.4812,180
1814.86,-0.4889,180
1815.82,-0.4965,180
1816.77,-0.5042,180
1817.73,-0.512,180
1818.69,-0.5198,180
1819.65,-0.5278,180
1820.61,-0.5359,180
1821.57,-0.5441,180
1822.53,-0.5525,180
1823.49,-0.5612,180
1824.44,-0.57,180
1825.39,-0.5787,180
1826.34,-0.587,180
1827.29,-0.5946,180
1828.22,-0.6014,180
1829.14,-0.6073,180
1830.06,-0.6125,180
1830.96,-0.617,180
1831.85,-0.6212,180
1832.73,-0.625,130
1833.61,-0.6283,130
1834.46,-0.6312,130
1835.31,-0.6335,130
1836.16,-0.6351,130
1836.99,-0.636,130
1837.81,-0.6362,130
1838.62,-0.6358,130
1839.43,-0.6348,130
1840.22,-0.6332,130
1841.01,-0.6311,130
1841.79,-0.6284,130
1842.56,-0.6252,130
1843.31,-0.6214,130
1844.06,-0.6171,130
1844.8,-0.6125,130
1845.54,-0.6077,130
1846.26,-0.6025,130
1846.98,-0.597,130
1847.68,-0.5912,130
1848.38,-0.5853,130
1849.07,-0.5792,130
1849.75,-0.5729,130
1850.43,-0.5665,130
1851.09,-0.5601,130
1851.75,-0.5536,130
1852.4,-0.5471,130
1853.04,-0.5404,130
1853.69,-0.5335,130
1854.34,-0.5264,130
1854.98,-0.5192,130
1855.63,-0.5118,130
1856.28,-0.5044,130
1856.92,-0.4968,130
1857.57,-0.4888,130
1858.22,-0.4803,130
1858.87,-0.4711,130
1859.52,-0.4611,130
1860.17,-0.4501,130
1860.81,-0.4382,130
1861.45,-0.4254,130
1862.09,-0.4118,130
1862.71,-0.3974,130
1863.33,-0.3824,130
1863.95,-0.3669,130
1864.55,-0.3513,130
1865.14,-0.3355,130
1865.73,-0.3193,130
1866.32,-0.3022,130
1866.9,-0.2839,130
1867.48,-0.2644,130
1868.06,-0.2436,130
1868.64,-0.2217,130
1869.21,-0.1985,130
1869.79,-0.1742,130
1870.37,-0.1487,130
1870.94,-0.122,130
1871.51,-0.0941,130
1872.08,-0.0651,130
1872.65,-0.0349,130
1873.22,-0.0036,130
1873.78,0.0286,130
1874.35,0.0615,130
1874.92,0.0948,130
1875.49,0.1278,130
1876.07,0.16,130
1876.65,0.1913,130
1877.24,0.2217,130
1877.83,0.251,130
1878.42,0.2793,130
1879.02,0.3065,130
1879.62,0.3325,130
1880.23,0.3574,130
1880.84,0.381,130
1881.46,0.4035,130
1882.07,0.4247,130
1882.7,0.4446,130
1883.32,0.4633,130
1883.95,0.4807,130
1884.58,0.4969,130
1885.22,0.5117,130
1885.85,0.5252,130
1886.49,0.5374,130
1887.13,0.5484,130
1887.78,0.5581,130
1888.42,0.5668,130
1889.07,0.5748,130
1889.72,0.5819,130
1890.37,0.5883,130
1891.02,0.5942,130
1891.67,0.5997,130
1892.31,0.6049,130
1892.96,0.61,130
1893.6,0.6147,130
1894.25,0.6189,130
1894.89,0.6225,130
1895.54,0.6257,130
1896.19,0.6284,130
1896.84,0.6306,130
1897.49,0.6321,130
1898.14,0.633,130
1898.79,0.6334,130
1899.44,0.6331,130
1900.09,0.6322,130
1900.75,0.6306,130
1901.4,0.6283,130
1902.04,0.6254,130
1902.68,0.6221,130
1903.33,0.6187,130
1903.97,0.6152,130
1904.61,0.6116,130
1905.25,0.608,130
1905.89,0.6042,130
1906.53,0.6006,130
1907.17,0.5971,130
1907.81,0.5938,130
1908.44,0.5906,130
1909.08,0.5875,130
1909.72,0.5845,130
1910.36,0.5818,130
1911,0.5794,130
1911.63,0.5773,130
1912.27,0.5752,130
1912.9,0.5731,130
1913.54,0.571,130
1914.18,0.569,130
1914.81,0.5672,130
1915.45,0.5655,130
1916.09,0.564,130
1916.73,0.5624,130
1917.37,0.5608,130
1918.01,0.5592,130
1918.65,0.5578,130
1919.29,0.5564,130
1919.93,0.555,130
1920.57,0.5536,130
1921.21,0.5522,130
1921.85,0.5507,130
1922.49,0.5492,130
1923.12,0.5478,130
1923.74,0.5463,130
1924.35,0.5448,130
1924.96,0.5431,130
1925.56,0.5414,130
1926.14,0.5398,130
1926.72,0.5385,130
1927.29,0.5375,130
1927.86,0.5373,130
1928.42,0.5379,130
1928.98,0.5393,130
1929.54,0.5415,130
1930.1,0.5442,130
1930.66,0.5474,130
1931.22,0.551,130
1931.78,0.5552,130
1932.34,0.5598,130
1932.91,0.565,130
1933.47,0.5708,130
1934.03,0.5772,130
1934.59,0.5843,130
1935.15,0.5919,130
1935.72,0.6001,130
1936.28,0.6089,130
1936.85,0.6182,130
1937.42,0.628,130
1937.99,0.6382,130
1938.56,0.6487,130
1939.13,0.6594,130
1939.7,0.6701,130
1940.28,0.6806,130
1940.85,0.6909,130
1941.43,0.7006,130
1942.01,0.7098,130
1942.6,0.7184,130
1943.18,0.7262,130
1943.77,0.7333,130
1944.36,0.7396,130
1944.95,0.7451,130
1945.55,0.7497,130
1946.14,0.7535,130
1946.72,0.7564,130
1947.31,0.7584,130
1947.9,0.7596,130
1948.48,0.76,130
1949.07,0.7595,130
1949.66,0.7582,130
1950.24,0.7561,130
1950.83,0.7531,130
1951.43,0.7492,130
1952.02,0.7445,130
1952.62,0.7388,130
1953.21,0.7323,130
1953.81,0.725,130
1954.4,0.7168,130
1955,0.7076,130
1955.6,0.6977,130
1956.2,0.6868,130
1956.79,0.675,130
1957.39,0.6623,130
1957.99,0.6488,130
1958.59,0.6344,130
1959.19,0.619,130
1959.79,0.6028,130
1960.38,0.5857,130
1960.98,0.5677,130
1961.58,0.5488,130
1962.17,0.5291,130
1962.77,0.5089,130
1963.36,0.4885,130
1963.96,0.4679,130
1964.56,0.4474,130
1965.15,0.427,130
1965.75,0.4068,130
1966.35,0.3861,130
1966.94,0.3648,130
1967.54,0.343,130
1968.13,0.3207,130
1968.73,0.2977,130
1969.32,0.2741,130
1969.92,0.2497,130
1970.51,0.2245,130
1971.11,0.1984,130
1971.7,0.1714,130
1972.29,0.1442,130
1972.88,0.1169,130
1973.48,0.0899,130
1974.08,0.0632,130
1974.68,0.0371,130
1975.28,0.0118,130
1975.88,-0.0128,130
1976.49,-0.0366,130
1977.1,-0.0592,130
1977.71,-0.0809,130
1978.32,-0.1013,130
1978.93,-0.1206,130
1979.54,-0.139,130
1980.16,-0.1568,130
1980.78,-0.1738,130
1981.4,-0.1899,130
1982.02,-0.2052,130
1982.64,-0.2197,130
1983.27,-0.2334,130
1983.9,-0.2464,130
1984.52,-0.2589,130
1985.15,-0.2709,130
1985.78,-0.2826,130
1986.42,-0.2941,130
1987.06,-0.3051,130
1987.71,-0.315,130
1988.36,-0.3237,130
1989.02,-0.3315,130
1989.68,-0.3383,130
1990.34,-0.3445,130
1991,-0.3501,130
1991.67,-0.3553,130
1992.34,-0.3603,130
1993.01,-0.3652,130
1993.69,-0.3701,130
1994.36,-0.3749,130
1995.05,-0.3792,130
1995.73,-0.3829,130
1996.42,-0.3861,130
1997.11,-0.3887,130
1997.8,-0.3906,130
1998.49,-0.3918,130
1999.19,-0.3922,130
1999.89,-0.3917,130
2000.59,-0.3903,130
2001.28,-0.3879,130
2001.98,-0.3849,130
2002.69,-0.3813,130
2003.39,-0.3774,130
2004.09,-0.3732,130
2004.79,-0.369,130
2005.5,-0.3649,130
2006.2,-0.3609,130
2006.9,-0.3571,130
2007.61,-0.3536,130
2008.31,-0.3505,130
2009.02,-0.3477,130
2009.72,-0.3453,130
2010.43,-0.3434,130
2011.13,-0.3419,130
2011.83,-0.3409,130
2012.54,-0.3404,130
2013.24,-0.3404,130
2013.94,-0.3409,130
2014.64,-0.3419,130
2015.34,-0.3434,130
2016.04,-0.3454,130
2016.74,-0.3479,130
2017.44,-0.351,130
2018.13,-0.3545,130
2018.83,-0.3586,130
2019.52,-0.3632,130
2020.22,-0.3681,130
2020.92,-0.3734,130
2021.61,-0.379,130
2022.31,-0.385,130
2023.01,-0.3914,130
2023.71,-0.398,130
2024.41,-0.4048,130
2025.11,-0.412,130
2025.81,-0.4192,130
2026.51,-0.4266,130
2027.22,-0.434,130
2027.92,-0.4412,130
2028.62,-0.4483,130
2029.31,-0.4553,130
2030,-0.462,130
2030.68,-0.4683,130
2031.35,-0.4745,130
2032.02,-0.4812,130
2032.69,-0.4883,130
2033.36,-0.4958,130
2034.03,-0.5038,130
2034.7,-0.5122,130
2035.37,-0.521,130
2036.04,-0.53,130
2036.71,-0.5389,130
2037.39,-0.5479,130
2038.07,-0.5568,130
2038.74,-0.5659,130
2039.42,-0.5749,130
2040.11,-0.5838,130
2040.79,-0.5926,130
2041.47,-0.6011,130
2042.16,-0.6091,130
2042.85,-0.6167,130
2043.54,-0.6238,130
2044.23,-0.6306,130
2044.93,-0.6368,130
2045.62,-0.6421,130
2046.32,-0.6465,130
2047.02,-0.6498,130
2047.72,-0.6522,130
2048.43,-0.6534,130
2049.13,-0.6536,130
2049.83,-0.6525,130
2050.54,-0.6503,130
2051.23,-0.647,130
2051.93,-0.6424,130
2052.63,-0.6366,130
2053.32,-0.6297,130
2054,-0.6218,130
2054.68,-0.6132,130
2055.34,-0.6041,130
2056,-0.5946,130
2056.64,-0.5847,130
2057.27,-0.5746,130
2057.9,-0.5644,130
2058.51,-0.5547,130
2059.13,-0.5456,130
2059.75,-0.5371,130
2060.37,-0.5291,130
2060.98,-0.5215,130
2061.6,-0.5142,130
2062.22,-0.5074,130
2062.84,-0.501,130
2063.46,-0.4951,130
2064.07,-0.4896,130
2064.69,-0.4848,130
2065.31,-0.4805,130
2065.92,-0.4767,130
2066.54,-0.4733,130
2067.16,-0.4699,130
2067.78,-0.4668,130
2068.4,-0.4638,130
2069.02,-0.4609,130
2069.64,-0.4581,130
2070.26,-0.4553,130
2070.88,-0.4524,130
2071.51,-0.4493,130
2072.13,-0.4457,130
2072.76,-0.4416,130
2073.39,-0.4368,130
2074.02,-0.4313,130
2074.64,-0.4254,130
2075.27,-0.419,130
2075.9,-0.4125,130
2076.53,-0.4059,130
2077.17,-0.3992,130
2077.8,-0.3926,130
2078.43,-0.386,130
2079.07,-0.3797,130
2079.71,-0.3736,130
2080.34,-0.3678,130
2080.98,-0.3623,130
2081.61,-0.3573,130
2082.25,-0.3526,130
2082.89,-0.3482,130
2083.52,-0.3435,130
2084.16,-0.3388,130
2084.79,-0.3342,130
2085.43,-0.3299,130
2086.06,-0.326,130
2086.7,-0.3223,130
2087.33,-0.3188,130
2087.97,-0.3152,130
2088.61,-0.3115,130
2089.25,-0.3075,130
2089.88,-0.303,130
2090.53,-0.2981,130
2091.17,-0.2926,130
2091.81,-0.2865,130
2092.45,-0.2798,130
2093.09,-0.2725,130
2093.74,-0.2645,130
2094.38,-0.2557,130
2095.03,-0.2463,130
2095.67,-0.2362,130
2096.32,-0.2255,130
2096.96,-0.214,130
2097.61,-0.2019,130
2098.26,-0.1891,130
2098.9,-0.1761,130
2099.55,-0.163,130
2100.2,-0.1499,130
2100.85,-0.1369,130
2101.51,-0.1242,130
2102.16,-0.1117,130
2102.82,-0.0988,130
2103.48,-0.0855,130
2104.14,-0.072,130
2104.81,-0.0581,130
2105.47,-0.0439,130
2106.14,-0.0293,130
2106.81,-0.0143,130
2107.48,0.0012,210
2108.15,0.0173,210
2108.81,0.0337,210
2109.48,0.0505,210
2110.15,0.0673,210
2110.82,0.0839,210
2111.49,0.1004,210
2112.16,0.1165,210
2112.83,0.1321,210
2113.5,0.1473,210
2114.17,0.1618,210
2114.85,0.1758,210
2115.52,0.1895,210
2116.19,0.2032,210
2116.87,0.2168,210
2117.54,0.2302,210
2118.22,0.2434,210
2118.89,0.2566,210
2119.57,0.2697,210
2120.25,0.283,210
2120.92,0.2964,210
2121.6,0.3102,210
2122.28,0.3244,210
2122.96,0.339,210
2123.64,0.3541,210
2124.33,0.3697,210
2125.03,0.3849,210
2125.73,0.3997,210
2126.44,0.414,210
2127.15,0.4279,210
2127.86,0.4412,210
2128.58,0.4534,210
2129.3,0.4645,210
2130.02,0.4743,210
2130.75,0.4825,210
2131.48,0.4891,210
2132.21,0.495,210
2132.94,0.5002,210
2133.68,0.5046,210
2134.42,0.5082,210
2135.16,0.511,210
2135.9,0.5133,210
2136.64,0.5149,210
2137.38,0.5161,210
2138.12,0.5167,210
2138.86,0.5169,210
2139.6,0.5166,210
2140.35,0.5158,210
2141.09,0.5147,210
2141.84,0.513,210
2142.58,0.5111,210
2143.33,0.5093,210
2144.07,0.5078,210
2144.82,0.5068,210
2145.57,0.5066,210
2146.32,0.5075,210
2147.06,0.5094,210
2147.81,0.5116,210
2148.56,0.514,210
2149.31,0.5166,210
2150.06,0.5196,210
2150.81,0.5226,210
2151.56,0.5255,210
2152.31,0.5283,210
2153.07,0.5308,210
2153.83,0.5331,210
2154.59,0.535,210
2155.35,0.5366,210
2156.12,0.5379,210
2156.88,0.5387,210
2157.65,0.5392,210
2158.43,0.5393,210
2159.2,0.539,210
2159.98,0.5382,210
2160.76,0.5371,210
2161.54,0.5356,210
2162.32,0.5336,210
2163.11,0.5312,210
2163.89,0.5284,210
2164.68,0.5252,210
2165.47,0.5216,210
2166.27,0.5176,210
2167.06,0.5132,210
2167.84,0.5086,210
2168.63,0.504,210
2169.41,0.4994,210
2170.2,0.4948,210
2170.98,0.4902,210
2171.77,0.4856,210
2172.56,0.481,210
2173.34,0.4764,210
2174.13,0.4718,210
2174.91,0.4673,210
2175.7,0.4627,210
2176.48,0.4581,210
2177.27,0.4536,210
2178.05,0.449,210
2178.83,0.4444,210
2179.62,0.4397,210
2180.4,0.4351,210
2181.19,0.4305,210
2181.98,0.4258,210
2182.76,0.4212,210
2183.55,0.4165,210
2184.34,0.4119,210
2185.12,0.4072,210
2185.91,0.4026,210
2186.7,0.3979,210
2187.48,0.3932,210
2188.27,0.3885,210
2189.06,0.3838,210
2189.85,0.3791,210
2190.64,0.3744,210
2191.43,0.3697,210
2192.22,0.365,210
2193.01,0.3603,210
2193.8,0.3555,210
2194.59,0.3507,210
2195.38,0.346,210
2196.18,0.3412,210
2196.97,0.3364,210
2197.77,0.3316,210
2198.57,0.3268,210
2199.37,0.3219,210
2200.17,0.3171,210
2200.98,0.3122,210
2201.78,0.3073,210
2202.59,0.3024,210
2203.39,0.2975,210
2204.2,0.2926,210
2205.01,0.2877,210
2205.82,0.2828,210
2206.63,0.2778,210
2207.45,0.2728,210
2208.26,0.2678,210
2209.07,0.2628,210
2209.89,0.2578,210
2210.71,0.2528,210
2211.53,0.2478,210
2212.35,0.2427,210
2213.17,0.2376,210
2213.99,0.2326,210
2214.82,0.2275,210
2215.64,0.2224,210
2216.47,0.2172,210
2217.3,0.2121,210
2218.13,0.207,210
2218.96,0.2018,210
2219.79,0.1967,210
2220.62,0.1915,210
2221.46,0.1863,210
2222.29,0.1811,210
2223.12,0.1759,210
2223.96,0.1708,210
2224.79,0.1663,210
2225.63,0.1621,210
2226.46,0.158,210
2227.3,0.154,210
2228.13,0.1501,210
2228.96,0.1464,210
2229.8,0.1428,210
2230.63,0.1392,210
2231.47,0.1358,210
2232.3,0.1323,210
2233.13,0.1289,210
2233.97,0.1256,210
2234.8,0.1222,210
2235.63,0.1189,210
2236.47,0.1157,210
2237.3,0.113,210
2238.13,0.111,210
2238.97,0.11,210
2239.8,0.1098,210
2240.64,0.11,210
2241.48,0.1107,210
2242.31,0.1118,210
2243.15,0.1133,210
2243.99,0.1152,210
2244.84,0.1173,210
2245.68,0.1195,210
2246.52,0.122,210
2247.37,0.1245,210
2248.21,0.1271,210
2249.06,0.1298,210
2249.91,0.1325,210
2250.76,0.1352,210
2251.61,0.1379,210
2252.46,0.1406,210
2253.31,0.1434,210
2254.16,0.1461,210
2255.02,0.1489,210
2255.87,0.1516,210
2256.73,0.1544,210
2257.59,0.1571,210
2258.45,0.1599,210
2259.31,0.1626,210
2260.17,0.1654,210
2261.03,0.1681,210
2261.89,0.1709,210
2262.76,0.1737,210
2263.62,0.1764,210
2264.49,0.1792,210
2265.36,0.182,210
2266.23,0.1847,210
2267.09,0.1875,210
2267.97,0.1903,210
2268.84,0.193,210
2269.71,0.1958,210
2270.58,0.1986,210
2271.46,0.2014,210
2272.34,0.2041,210
2273.21,0.2069,210
2274.09,0.2097,210
2274.97,0.2125,210
2275.85,0.2153,210
2276.73,0.2181,210
2277.62,0.2209,210
2278.5,0.2236,210
2279.39,0.2264,210
2280.27,0.2292,210
2281.16,0.232,210
2282.05,0.2348,210
2282.94,0.2376,210
2283.83,0.2405,210
2284.72,0.2433,210
2285.61,0.2461,210
2286.5,0.2489,210
2287.39,0.2517,210
2288.28,0.2545,210
2289.17,0.2573,210
2290.06,0.2601,210
2290.95,0.2629,210
2291.84,0.2656,210
2292.73,0.2685,210
2293.62,0.2713,210
2294.51,0.2741,210
2295.4,0.2769,210
2296.3,0.2797,210
2297.19,0.2825,210
2298.09,0.2853,210
2298.99,0.2881,210
2299.89,0.2909,210
2300.79,0.2937,210
2301.69,0.2966,210
2302.59,0.2994,210
2303.5,0.3022,210
2304.4,0.305,210
2305.31,0.3079,210
2306.22,0.3107,210
2307.13,0.3135,210
2308.04,0.3164,210
2308.95,0.3192,210
2309.86,0.3221,210
2310.78,0.3249,210
2311.69,0.3278,210
2312.61,0.3306,210
2313.53,0.3335,210
2314.45,0.3363,210
2315.37,0.3392,210
2316.29,0.342,210
2317.21,0.3449,210
2318.14,0.3478,210
2319.06,0.3507,210
2319.99,0.3535,210
2320.92,0.3564,210
2321.85,0.3593,210
2322.78,0.3622,210
2323.72,0.365,210
2324.65,0.3679,210
2325.59,0.3708,210
2326.52,0.3738,210
2327.47,0.3768,210
2328.41,0.3798,210
2329.36,0.383,210
2330.31,0.3865,210
2331.26,0.3904,210
2332.21,0.3949,210
2333.16,0.4002,210
2334.11,0.4059,210
2335.06,0.4121,210
2336.01,0.4188,210
2336.96,0.426,210
2337.91,0.4337,210
2338.86,0.4418,210
2339.81,0.4502,210
2340.76,0.4589,210
2341.72,0.4676,210
2342.67,0.4764,210
2343.62,0.4851,210
2344.57,0.4937,210
2345.53,0.502,210
2346.48,0.5101,210
2347.43,0.5179,210
2348.39,0.5255,210
2349.34,0.5327,210
2350.3,0.5395,210
2351.25,0.546,210
2352.21,0.5522,210
2353.17,0.558,210
2354.12,0.5634,210
2355.08,0.5684,210
2356.04,0.5731,210
2357,0.5774,210
2357.96,0.5814,210
2358.92,0.585,210
2359.88,0.5882,210
2360.84,0.591,210
2361.8,0.5935,210
2362.76,0.5956,210
2363.72,0.5974,210
2364.68,0.5987,210
2365.64,0.5997,210
2366.6,0.6003,210
2367.57,0.6006,210
2368.53,0.6005,210
2369.49,0.6,210
2370.46,0.5991,210
2371.42,0.5978,210
2372.39,0.5962,210
2373.35,0.5942,210
2374.32,0.5919,210
2375.28,0.5894,210
2376.25,0.587,210
2377.21,0.5845,210
2378.18,0.5821,210
2379.15,0.5796,210
2380.12,0.5771,210
2381.09,0.5747,210
2382.07,0.5722,210
2383.04,0.5697,210
2384.02,0.5672,210
2385,0.5647,210
2385.98,0.5622,210
2386.96,0.5597,210
2387.95,0.5572,210
2388.94,0.5547,210
2389.93,0.5521,210
2390.92,0.5496,210
2391.91,0.5471,210
2392.9,0.5445,210
2393.9,0.542,210
2394.9,0.5394,210
2395.9,0.5369,210
2396.9,0.5343,210
2397.9,0.5317,210
2398.9,0.5291,210
2399.91,0.5266,210
2400.91,0.524,210
2401.92,0.5214,210
2402.92,0.5188,210
2403.93,0.5162,210
2404.93,0.5136,210
2405.94,0.5109,210
2406.95,0.5083,210
2407.95,0.5057,210
2408.96,0.503,210
2409.97,0.5004,210
2410.98,0.4977,210
2411.99,0.4951,210
2413,0.4924,210
2414.01,0.4897,210
2415.02,0.4871,210
2416.03,0.4847,210
2417.03,0.4825,210
2418.04,0.4804,210
2419.05,0.4786,210
2420.06,0.4769,210
2421.07,0.4754,210
2422.09,0.4741,210
2423.1,0.4731,210
2424.11,0.4722,210
2425.12,0.4715,210
2426.14,0.471,210
2427.15,0.4708,210
2428.16,0.4707,210
2429.18,0.4709,210
2430.2,0.4713,210
2431.22,0.472,210
2432.24,0.4728,210
2433.26,0.4739,210
2434.28,0.4752,210
2435.31,0.4768,210
2436.34,0.4786,210
2437.37,0.4807,210
2438.4,0.4831,210
2439.43,0.4857,210
2440.47,0.4886,210
2441.5,0.4918,210
2442.54,0.4952,210
2443.58,0.499,210
2444.62,0.503,210
2445.66,0.5073,210
2446.69,0.512,210
2447.73,0.5169,210
2448.76,0.5221,210
2449.8,0.5276,210
2450.84,0.5335,210
2451.87,0.5396,210
2452.91,0.5461,210
2453.95,0.553,210
2454.99,0.5602,210
2456.03,0.5677,210
2457.07,0.5755,210
2458.12,0.5832,210
2459.16,0.5905,210
2460.21,0.5972,210
2461.25,0.6034,210
2462.3,0.6094,210
2463.35,0.6151,210
2464.4,0.6207,210
2465.45,0.6261,210
2466.5,0.6313,210
2467.55,0.6366,210
2468.6,0.642,210
2469.65,0.6475,210
2470.7,0.6534,210
2471.76,0.6596,210
2472.81,0.6663,210
2473.86,0.6734,210
2474.91,0.681,210
2475.96,0.6892,210
2477.01,0.6978,210
2478.08,0.7064,210
2479.14,0.7148,210
2480.2,0.7227,210
2481.27,0.7296,210
2482.33,0.7355,210
2483.39,0.74,210
2484.46,0.7433,210
2485.53,0.7458,210
2486.59,0.7474,210
2487.66,0.7481,210
2488.73,0.7479,210
2489.8,0.7469,210
2490.88,0.7452,210
2491.95,0.7429,210
2493.03,0.7401,210
2494.1,0.737,210
2495.18,0.7337,210
2496.26,0.7301,210
2497.34,0.7263,210
2498.42,0.7225,210
2499.51,0.7186,210
2500.59,0.7146,210
2501.68,0.7106,210
2502.77,0.7066,210
2503.85,0.7025,210
2504.94,0.6984,210
2506.04,0.6943,210
2507.13,0.6901,210
2508.22,0.6859,210
2509.32,0.6817,210
2510.42,0.6774,210
2511.51,0.6732,210
2512.61,0.6688,210
2513.71,0.6645,210
2514.82,0.6599,210
2515.92,0.6549,210
2517.02,0.6492,210
2518.11,0.6431,210
2519.2,0.6364,210
2520.3,0.6288,210
2521.4,0.621,210
2522.49,0.6129,210
2523.59,0.6042,210
2524.69,0.5951,210
2525.79,0.5858,210
2526.9,0.5764,210
2528,0.5672,210
2529.1,0.5582,210
2530.2,0.5496,210
2531.31,0.5416,210
2532.41,0.5341,210
2533.51,0.5273,210
2534.62,0.5211,210
2535.72,0.5157,210
2536.83,0.5107,210
2537.93,0.5059,210
2539.04,0.5008,210
2540.15,0.4952,210
2541.25,0.4888,210
2542.36,0.4813,210
2543.46,0.4727,210
2544.56,0.4637,210
2545.67,0.4541,210
2546.77,0.4438,210
2547.88,0.4328,210
2548.98,0.4215,210
2550.08,0.4097,210
2551.19,0.3978,210
2552.3,0.3859,210
2553.41,0.3742,210
2554.52,0.3628,210
2555.63,0.3517,210
2556.74,0.3408,210
2557.85,0.3296,210
2558.97,0.318,210
2560.09,0.3056,210
2561.2,0.2925,210
2562.32,0.2784,210
2563.44,0.264,210
2564.55,0.2493,210
2565.67,0.2342,210
2566.8,0.2187,210
2567.92,0.203,210
2569.04,0.1873,210
2570.17,0.1717,210
2571.3,0.1564,210
2572.42,0.1416,210
2573.55,0.1274,210
2574.69,0.1139,210
2575.82,0.1012,210
2576.96,0.0894,210
2578.09,0.0785,210
2579.23,0.0685,210
2580.37,0.0595,210
2581.52,0.0515,210
2582.66,0.0444,210
2583.8,0.0384,210
2584.95,0.0334,210
2586.1,0.0294,210
2587.25,0.0265,210
2588.4,0.0246,210
2589.55,0.0238,210
2590.7,0.024,210
2591.85,0.0254,210
2593.01,0.0276,210
2594.16,0.0303,210
2595.32,0.0331,210
2596.47,0.0358,210
2597.63,0.0381,210
2598.78,0.0397,210
2599.94,0.0407,210
2601.1,0.0407,210
2602.26,0.0399,210
2603.41,0.0381,210
2604.57,0.0353,210
2605.72,0.0316,210
2606.88,0.0272,210
2608.03,0.0221,210
2609.19,0.0164,210
2610.34,0.0101,210
2611.49,0.0035,210
2612.64,-0.0036,210
2613.79,-0.011,210
2614.94,-0.0187,210
2616.09,-0.0268,210
2617.24,-0.0352,210
2618.39,-0.0439,210
2619.54,-0.0528,210
2620.69,-0.0618,210
2621.83,-0.0708,210
2622.99,-0.0799,210
2624.14,-0.0889,210
2625.29,-0.0976,210
2626.45,-0.1058,210
2627.6,-0.1134,210
2628.76,-0.1199,210
2629.92,-0.1252,210
2631.08,-0.1292,210
2632.24,-0.1319,210
2633.41,-0.1336,210
2634.57,-0.1344,210
2635.74,-0.1345,210
2636.91,-0.1342,210
2638.07,-0.1333,210
2639.24,-0.1322,210
2640.41,-0.1308,210
2641.57,-0.129,210
2642.74,-0.127,210
2643.91,-0.1248,210
2645.07,-0.1222,210
2646.23,-0.1192,210
2647.4,-0.116,210
2648.56,-0.1123,210
2649.72,-0.1081,210
2650.87,-0.1037,210
2652.02,-0.0995,210
2653.17,-0.0959,210
2654.31,-0.0929,210
2655.45,-0.0907,210
2656.58,-0.0892,210
2657.71,-0.0885,210
2658.84,-0.0887,210
2659.96,-0.0897,210
2661.08,-0.0914,210
2662.19,-0.0941,210
2663.3,-0.0975,210
2664.41,-0.1017,210
2665.52,-0.1067,210
2666.62,-0.1126,210
2667.72,-0.119,210
2668.82,-0.1261,210
2669.92,-0.1339,210
2671.03,-0.1423,210
2672.13,-0.1512,210
2673.23,-0.1606,210
2674.34,-0.1704,210
2675.44,-0.18,210
2676.54,-0.1895,210
2677.65,-0.1983,210
2678.75,-0.2064,210
2679.85,-0.2139,210
2680.96,-0.221,210
2682.06,-0.2279,210
2683.16,-0.2349,210
2684.27,-0.2421,210
2685.37,-0.2497,210
2686.47,-0.2569,210
2687.57,-0.2639,210
2688.67,-0.2707,210
2689.78,-0.2773,210
2690.88,-0.2836,210
2691.98,-0.2898,210
2693.08,-0.2961,210
2694.18,-0.3025,210
2695.28,-0.3091,210
2696.38,-0.316,210
2697.48,-0.3235,210
2698.58,-0.3314,210
2699.67,-0.34,210
2700.77,-0.3493,210
2701.86,-0.3593,210
2702.95,-0.3697,210
2704.05,-0.3806,210
2705.14,-0.3918,210
2706.23,-0.4034,210
2707.32,-0.4154,210
2708.41,-0.4278,210
2709.5,-0.4404,210
2710.59,-0.4531,210
2711.68,-0.4658,210
2712.77,-0.4781,210
2713.86,-0.49,210
2714.95,-0.5012,210
2716.04,-0.5114,210
2717.14,-0.5208,210
2718.23,-0.529,210
2719.32,-0.5361,210
2720.41,-0.542,210
2721.5,-0.5468,210
2722.6,-0.5503,210
2723.69,-0.5526,210
2724.78,-0.5537,210
2725.87,-0.5536,210
2726.96,-0.5522,210
2728.05,-0.5497,210
2729.14,-0.546,210
2730.23,-0.541,210
2731.32,-0.5349,210
2732.41,-0.5277,210
2733.49,-0.5193,210
2734.58,-0.5097,210
2735.66,-0.4989,210
2736.74,-0.4871,210
2737.83,-0.4741,210
2738.91,-0.46,210
2739.99,-0.4447,210
2741.07,-0.4284,210
2742.14,-0.411,210
2743.22,-0.3925,210
2744.29,-0.3729,210
2745.36,-0.3522,210
2746.43,-0.3306,210
2747.5,-0.3085,210
2748.57,-0.2861,210
2749.64,-0.2637,210
2750.7,-0.2414,210
2751.76,-0.2196,210
2752.83,-0.1983,210
2753.89,-0.1775,210
2754.95,-0.1575,210
2756.01,-0.1381,210
2757.06,-0.1192,210
2758.12,-0.1008,210
2759.17,-0.0828,210
2760.23,-0.0653,210
2761.28,-0.0483,210
2762.33,-0.0318,210
2763.39,-0.0157,210
2764.44,0.0001,210
2765.49,0.0157,210
2766.54,0.0313,210
2767.59,0.0469,210
2768.65,0.0628,210
2769.7,0.0791,210
2770.75,0.096,210
2771.79,0.1136,210
2772.84,0.1319,210
2773.89,0.1509,210
2774.93,0.1709,210
2775.98,0.1917,210
2777.02,0.2132,210
2778.06,0.2351,210
2779.11,0.2573,210
2780.15,0.2795,210
2781.19,0.3015,210
2782.23,0.3231,210
2783.28,0.3445,210
2784.33,0.3654,210
2785.38,0.3855,210
2786.44,0.4047,210
2787.49,0.423,210
2788.55,0.4403,210
2789.61,0.4569,210
2790.67,0.4726,210
2791.73,0.4877,210
2792.79,0.5023,210
2793.85,0.5164,210
2794.92,0.5302,210
2795.98,0.5438,210
2797.05,0.5572,210
2798.11,0.5704,210
2799.18,0.5836,210
2800.25,0.5968,210
2801.32,0.6098,210
2802.39,0.6229,210
2803.46,0.6359,210
2804.53,0.6489,210
2805.6,0.6619,210
2806.67,0.6749,210
2807.75,0.6879,210
2808.82,0.7007,210
2809.9,0.713,210
2810.97,0.7246,210
2812.05,0.7352,210
2813.13,0.7446,210
2814.21,0.7528,210
2815.29,0.7602,210
2816.36,0.7668,210
2817.44,0.7725,210
2818.52,0.7773,210
2819.6,0.7813,210
2820.68,0.7846,210
2821.75,0.7873,210
2822.82,0.7895,210
2823.88,0.7912,210
2824.94,0.7924,210
2825.99,0.7929,210
2827.03,0.7927,210
2828.05,0.7919,210
2829.07,0.7907,210
2830.08,0.7889,130
2831.08,0.7869,130
2832.06,0.7845,130
2833.04,0.7818,130
2834,0.7787,130
2834.95,0.7752,130
2835.9,0.7712,130
2836.84,0.7666,130
2837.76,0.7617,130
2838.68,0.7564,130
2839.59,0.7508,130
2840.49,0.7451,130
2841.37,0.7393,130
2842.25,0.7333,130
2843.12,0.7272,130
2843.96,0.7211,130
2844.8,0.7151,130
2845.63,0.7094,130
2846.45,0.7039,130
2847.26,0.6988,130
2848.06,0.6941,130
2848.85,0.6896,130
2849.64,0.6854,130
2850.41,0.6815,130
2851.18,0.678,130
2851.93,0.6747,130
2852.68,0.6717,130
2853.42,0.669,130
2854.14,0.6666,130
2854.86,0.6644,130
2855.57,0.6626,130
2856.27,0.6609,130
2856.97,0.6593,130
2857.66,0.6573,130
2858.35,0.6549,130
2859.04,0.6518,130
2859.74,0.6479,130
2860.43,0.6431,130
2861.12,0.6376,130
2861.81,0.6316,130
2862.5,0.6253,130
2863.19,0.6187,130
2863.89,0.6118,130
2864.58,0.6046,130
2865.27,0.5973,130
2865.97,0.5899,130
2866.66,0.5825,130
2867.35,0.5751,130
2868.05,0.5674,130
2868.74,0.5594,130
2869.44,0.5508,130
2870.13,0.5416,130
2870.82,0.5317,130
2871.52,0.5208,130
2872.21,0.5092,130
2872.9,0.4972,130
2873.6,0.4848,130
2874.29,0.4722,130
2874.99,0.4591,130
2875.68,0.4457,130
2876.38,0.4321,130
2877.07,0.4183,130
2877.77,0.4045,130
2878.46,0.3907,130
2879.16,0.377,130
2879.86,0.3635,130
2880.55,0.35,130
2881.25,0.3364,130
2881.95,0.3224,130
2882.65,0.3083,130
2883.35,0.2943,130
2884.05,0.2804,130
2884.75,0.2666,130
2885.45,0.253,130
2886.15,0.2395,130
2886.85,0.2261,130
2887.56,0.213,130
2888.26,0.2002,130
2888.96,0.1876,130
2889.67,0.1753,130
2890.37,0.1633,130
2891.08,0.1516,130
2891.79,0.1402,130
2892.49,0.1291,130
2893.2,0.1183,130
2893.91,0.1079,130
2894.62,0.0978,130
2895.33,0.088,130
2896.04,0.0785,130
2896.75,0.0693,130
2897.46,0.0605,130
2898.17,0.0522,130
2898.89,0.0446,130
2899.6,0.0379,130
2900.31,0.0321,130
2901.03,0.0268,130
2901.74,0.0221,130
2902.46,0.0179,130
2903.17,0.0142,130
2903.89,0.0111,130
2904.6,0.0084,130
2905.32,0.0062,130
2906.04,0.0043,130
2906.76,0.0029,130
2907.47,0.0017,130
2908.19,0.0005,130
2908.91,-0.0009,130
2909.63,-0.0028,130
2910.35,-0.0052,130
2911.06,-0.0084,130
2911.78,-0.0124,130
2912.5,-0.0172,130
2913.22,-0.0223,130
2913.93,-0.0277,130
2914.65,-0.0335,130
2915.37,-0.0396,130
2916.09,-0.046,130
2916.81,-0.0527,130
2917.53,-0.0596,130
2918.25,-0.0664,130
2918.97,-0.0733,130
2919.69,-0.08,130
2920.41,-0.0865,130
2921.13,-0.0928,130
2921.85,-0.0989,130
2922.58,-0.1046,130
2923.3,-0.11,130
2924.02,-0.1151,130
2924.75,-0.1198,130
2925.47,-0.1242,130
2926.19,-0.1281,130
2926.91,-0.1318,130
2927.63,-0.135,130
2928.34,-0.1379,130
2929.06,-0.1404,130
2929.78,-0.1426,130
2930.5,-0.1443,130
2931.22,-0.1457,130
2931.93,-0.1467,130
2932.65,-0.1474,130
2933.37,-0.1477,130
2934.09,-0.1475,130
2934.81,-0.147,130
2935.53,-0.1462,130
2936.25,-0.1449,130
2936.97,-0.1433,130
2937.69,-0.1413,130
2938.42,-0.1393,130
2939.14,-0.1374,130
2939.86,-0.1358,130
2940.58,-0.1347,130
2941.3,-0.134,130
2942.02,-0.1339,130
2942.75,-0.1337,130
2943.47,-0.1335,130
2944.19,-0.1333,130
2944.91,-0.1331,130
2945.64,-0.1329,130
2946.36,-0.1325,130
2947.08,-0.132,130
2947.81,-0.1312,130
2948.53,-0.13,130
2949.26,-0.1285,130
2949.98,-0.1266,130
2950.71,-0.1246,130
2951.43,-0.1227,130
2952.16,-0.121,130
2952.88,-0.1195,130
2953.61,-0.1185,130
2954.33,-0.1181,130
2955.05,-0.1183,130
2955.78,-0.119,130
2956.5,-0.1205,130
2957.22,-0.1227,130
2957.94,-0.1257,130
2958.66,-0.1295,130
2959.38,-0.134,130
2960.09,-0.1392,130
2960.81,-0.145,130
2961.53,-0.1514,130
2962.25,-0.1583,130
2962.97,-0.1659,130
2963.68,-0.174,130
2964.4,-0.1827,130
2965.12,-0.1922,130
2965.84,-0.2021,130
2966.56,-0.2125,130
2967.28,-0.2234,130
2967.99,-0.2348,130
2968.71,-0.2468,130
2969.43,-0.2592,130
2970.15,-0.272,130
2970.87,-0.2848,130
2971.59,-0.2975,130
2972.32,-0.3101,130
2973.04,-0.3225,130
2973.76,-0.3345,130
2974.49,-0.3462,130
2975.22,-0.3574,130
2975.94,-0.3681,130
2976.67,-0.3783,130
2977.4,-0.3878,130
2978.13,-0.3966,130
2978.86,-0.4049,130
2979.6,-0.4128,130
2980.33,-0.4204,130
2981.07,-0.4281,130
2981.8,-0.4357,130
2982.54,-0.4433,130
2983.27,-0.4505,130
2984.01,-0.4572,130
2984.75,-0.4635,130
2985.48,-0.4693,130
2986.21,-0.4747,130
2986.94,-0.48,130
2987.68,-0.4853,130
2988.41,-0.4906,130
2989.15,-0.4959,130
2989.88,-0.5013,130
2990.62,-0.5067,130
2991.35,-0.5124,130
2992.09,-0.5184,130
2992.83,-0.5245,130
2993.57,-0.5308,130
2994.3,-0.5372,130
2995.04,-0.5438,130
2995.78,-0.5503,130
2996.52,-0.5565,130
2997.26,-0.5626,130
2998.01,-0.5686,130
2998.75,-0.5745,130
2999.5,-0.5802,130
3000.24,-0.5856,130
3000.99,-0.5904,130
3001.74,-0.5947,130
3002.49,-0.5985,130
3003.24,-0.6015,130
3003.98,-0.6038,130
3004.73,-0.6055,130
3005.47,-0.607,130
3006.21,-0.6083,130
3006.95,-0.6097,130
3007.7,-0.611,130
3008.44,-0.6118,130
3009.18,-0.6121,130
3009.93,-0.6121,130
3010.67,-0.6117,130
3011.42,-0.6109,130
3012.16,-0.6095,130
3012.91,-0.6075,130
3013.65,-0.6051,130
3014.39,-0.6023,130
3015.13,-0.5994,130
3015.87,-0.5966,130
3016.61,-0.5941,130
3017.35,-0.5919,130
3018.08,-0.5902,130
3018.82,-0.589,130
3019.56,-0.5884,130
3020.29,-0.5884,130
3021.03,-0.5888,130
3021.77,-0.5893,130
3022.51,-0.59,130
3023.24,-0.5911,130
3023.98,-0.5924,130
3024.72,-0.594,130
3025.46,-0.5957,130
3026.2,-0.5975,130
3026.94,-0.5993,130
3027.68,-0.6008,130
3028.42,-0.6021,130
3029.15,-0.603,130
3029.89,-0.6035,130
3030.62,-0.6035,130
3031.36,-0.603,130
3032.09,-0.6019,130
3032.83,-0.6003,130
3033.57,-0.5981,130
3034.3,-0.5953,130
3035.04,-0.5919,130
3035.78,-0.5879,130
3036.51,-0.5833,130
3037.25,-0.5782,130
3037.98,-0.5726,130
3038.71,-0.5668,130
3039.44,-0.5612,130
3040.17,-0.5558,130
3040.9,-0.5508,130
3041.64,-0.5464,130
3042.37,-0.5427,130
3043.1,-0.5396,130
3043.83,-0.5368,130
3044.56,-0.5341,130
3045.3,-0.5316,130
3046.03,-0.5293,130
3046.76,-0.5273,130
3047.5,-0.5253,130
3048.23,-0.5234,230
3048.97,-0.5214,230
3049.7,-0.5192,230
3050.43,-0.5167,230
3051.16,-0.5139,230
3051.9,-0.5108,230
3052.63,-0.5074,230
3053.36,-0.504,230
3054.1,-0.5006,230
3054.83,-0.4973,230
3055.56,-0.4939,230
3056.3,-0.4902,230
3057.03,-0.4863,230
3057.77,-0.4822,230
3058.51,-0.4779,230
3059.24,-0.4734,230
3059.98,-0.4685,230
3060.72,-0.4634,230
3061.46,-0.4579,230
3062.2,-0.4522,230
3062.94,-0.4465,230
3063.68,-0.441,230
3064.42,-0.4357,230
3065.16,-0.4308,230
3065.9,-0.4265,230
3066.65,-0.4229,230
3067.39,-0.42,230
3068.13,-0.4178,230
3068.88,-0.416,230
3069.62,-0.4145,230
3070.37,-0.4134,230
3071.12,-0.4127,230
3071.86,-0.4123,230
3072.61,-0.4123,230
3073.36,-0.4125,230
3074.11,-0.4129,230
3074.86,-0.4133,230
3075.61,-0.4138,230
3076.37,-0.4144,230
3077.12,-0.4153,230
3077.87,-0.4166,230
3078.63,-0.4184,230
3079.38,-0.4207,230
3080.14,-0.4236,230
3080.9,-0.4273,230
3081.66,-0.4317,230
3082.42,-0.4364,230
3083.18,-0.4414,230
3083.95,-0.4467,230
3084.71,-0.4524,230
3085.48,-0.4583,230
3086.25,-0.4646,230
3087.03,-0.4712,230
3087.8,-0.4783,230
3088.58,-0.4859,230
3089.36,-0.4939,230
3090.14,-0.5025,230
3090.92,-0.5117,230
3091.7,-0.5216,230
3092.49,-0.5322,230
3093.28,-0.5436,230
3094.06,-0.5553,230
3094.85,-0.5674,230
3095.65,-0.5797,230
3096.44,-0.5924,230
3097.24,-0.6054,230
3098.03,-0.6186,230
3098.83,-0.6318,230
3099.63,-0.645,230
3100.43,-0.658,230
3101.23,-0.6708,230
3102.03,-0.6832,230
3102.83,-0.6952,230
3103.64,-0.7067,230
3104.45,-0.7177,230
3105.26,-0.7282,230
3106.07,-0.738,230
3106.88,-0.7473,230
3107.7,-0.7559,230
3108.52,-0.7639,230
3109.34,-0.7712,230
3110.17,-0.7777,230
3110.99,-0.7831,230
3111.82,-0.7872,230
3112.66,-0.7899,230
3113.49,-0.7908,230
3114.33,-0.7899,230
3115.17,-0.7878,230
3116.01,-0.7845,230
3116.85,-0.7797,230
3117.69,-0.7735,230
3118.54,-0.7661,230
3119.39,-0.7575,230
3120.24,-0.7477,230
3121.09,-0.7368,230
3121.94,-0.7249,230
3122.8,-0.7119,230
3123.65,-0.698,230
3124.51,-0.6831,230
3125.36,-0.6672,230
3126.22,-0.6504,230
3127.08,-0.6327,230
3127.93,-0.6139,230
3128.79,-0.5943,230
3129.64,-0.5737,230
3130.49,-0.5521,230
3131.35,-0.5295,230
3132.2,-0.506,230
3133.06,-0.482,230
3133.91,-0.4576,230
3134.77,-0.433,230
3135.62,-0.4084,230
3136.48,-0.3838,230
3137.34,-0.3586,230
3138.2,-0.333,230
3139.06,-0.3068,230
3139.92,-0.28,230
3140.78,-0.2527,230
3141.64,-0.2245,230
3142.5,-0.1956,230
3143.36,-0.1656,230
3144.22,-0.1346,230
3145.08,-0.1025,230
3145.94,-0.0701,230
3146.8,-0.0386,230
3147.66,-0.0082,230
3148.53,0.0209,230
3149.4,0.0487,230
3150.27,0.0759,230
3151.15,0.1022,230
3152.03,0.1278,230
3152.91,0.1526,230
3153.79,0.1767,230
3154.68,0.2001,230
3155.57,0.2229,230
3156.46,0.2451,230
3157.35,0.2668,230
3158.24,0.2879,230
3159.13,0.3086,230
3160.03,0.3287,230
3160.93,0.3485,230
3161.82,0.3678,230
3162.73,0.3867,230
3163.63,0.4051,230
3164.53,0.4232,230
3165.44,0.4406,230
3166.35,0.4573,230
3167.27,0.4729,230
3168.18,0.4872,230
3169.1,0.5,230
3170.02,0.5114,230
3170.95,0.5217,230
3171.88,0.5309,230
3172.8,0.539,230
3173.74,0.5459,230
3174.67,0.5518,230
3175.6,0.5567,230
3176.54,0.5608,230
3177.48,0.5641,230
3178.42,0.5666,230
3179.37,0.5685,230
3180.31,0.5698,230
3181.26,0.5704,230
3182.21,0.5706,230
3183.17,0.5701,230
3184.12,0.5691,230
3185.08,0.5676,230
3186.03,0.5656,230
3186.99,0.563,230
3187.95,0.56,230
3188.91,0.5564,230
3189.87,0.5522,230
3190.83,0.5476,230
3191.79,0.5425,230
3192.75,0.537,230
3193.72,0.5314,230
3194.68,0.5259,230
3195.64,0.5206,230
3196.61,0.515,230
3197.57,0.5092,230
3198.53,0.5033,230
3199.5,0.4972,230
3200.46,0.4909,230
3201.43,0.4843,230
3202.4,0.4775,230
3203.35,0.4707,230
3204.31,0.464,230
3205.28,0.4574,230
3206.24,0.451,230
3207.2,0.4446,230
3208.16,0.4382,230
3209.13,0.4318,230
3210.1,0.4254,230
3211.07,0.419,230
3212.04,0.4126,230
3213.01,0.4062,230
3213.99,0.3997,230
3214.96,0.3933,230
3215.94,0.3868,230
3216.92,0.3803,230
3217.91,0.3738,230
3218.89,0.3675,230
3219.88,0.3616,230
3220.86,0.3563,230
3221.85,0.3511,230
3222.85,0.3463,230
3223.84,0.3418,230
3224.83,0.3376,230
3225.83,0.3335,230
3226.83,0.3295,230
3227.83,0.3255,230
3228.83,0.3215,230
3229.83,0.3175,230
3230.84,0.3135,230
3231.84,0.3095,230
3232.85,0.3055,230
3233.85,0.3015,230
3234.86,0.2975,230
3235.86,0.2935,230
3236.87,0.2895,230
3237.87,0.2855,230
3238.88,0.2815,230
3239.89,0.2775,230
3240.89,0.2735,230
3241.9,0.2696,230
3242.91,0.2656,230
3243.91,0.2616,230
3244.92,0.2576,230
3245.93,0.2536,230
3246.94,0.2496,230
3247.95,0.2456,230
3248.96,0.2416,230
3249.97,0.2376,230
3250.98,0.2336,230
3251.99,0.2296,230
3253,0.2256,230
3254.01,0.2216,230
3255.02,0.2176,230
3256.03,0.2136,230
3257.04,0.2096,230
3258.05,0.2056,230
3259.07,0.2016,230
3260.08,0.1976,230
3261.09,0.1937,230
3262.1,0.1897,230
3263.12,0.1856,230
3264.13,0.1816,230
3265.15,0.1775,230
3266.17,0.1735,230
3267.19,0.1694,230
3268.21,0.1654,230
3269.23,0.1613,230
3270.26,0.1573,230
3271.29,0.1532,230
3272.31,0.1491,230
3273.34,0.145,230
